Year,Population,Alcohol,Hiv/aids,Hepatitisb,Measles,Lifeexpectancy,Adultmortality
2015,33736494.0,0.01,0.1,65,1154,65.0,263
2015,28873.0,4.6,0.1,99,0,77.8,74
2014,7223938.0,12.03,0.1,95,0,74.3,138
2014,1764652.0,0.01,3.9,49,6855,53.6,362
2014,2168573.0,0.01,2.3,95,1,65.1,268
2014,19148219.0,0.01,0.5,68,1142,61.4,223
2014,613997.0,3.55,0.1,98,0,74.5,148
2014,168658.0,0.01,0.1,92,140,81.7,58
2014,24213133.0,7.32,0.1,96,876,74.8,144
2014,28323241.0,0.01,0.1,92,1279,69.6,158
2014,237992.0,0.01,2.2,88,477,65.9,242
2014,1314545.0,0.01,0.1,93,0,77.3,122
2014,51924182.0,0.01,0.3,88,122,66.4,21
2014,27212382.0,0.01,4.1,79,9,56.7,375
2014,35662.0,4.03,0.1,89,3000,77.2,89
2014,3431882.0,0.43,0.1,99,10,74.1,96
2014,62181.0,0.01,0.1,87,0,75.9,17
2014,17585977.0,0.01,0.6,91,343,59.3,268
2014,2923896.0,0.01,0.1,99,0,68.4,225
2014,1242216.0,5.26,0.1,84,3,76.6,122
2014,989179.0,0.01,0.7,95,0,59.1,297
2014,126934.0,0.01,0.1,97,0,74.2,148
2014,46392.0,0.01,0.9,84,14,63.0,26
2014,526437.0,0.01,0.2,97,0,73.0,117
2014,427364.0,8.49,0.1,9,0,81.4,55
2014,16962846.0,0.01,1.6,73,290,57.8,272
2014,185546257.0,0.01,0.1,72,1370,66.2,162
2014,393986.0,6.74,0.1,8,0,77.6,119
2014,41.0,0.01,0.1,99,0,78.2,62
2014,19229.0,0.01,0.1,56,0,73.8,128
2014,54146734.74,7.38,3.7,8,66,62.0,347
2014,57554.0,0.01,0.1,88,0,68.8,183
2014,15945279.0,0.01,0.1,97,289,71.4,132
2014,779162.0,0.01,0.6,83,1006,48.1,463
2014,91359.0,0.01,0.1,99,0,73.0,17
2014,9474511.0,13.94,0.1,97,64,72.0,199
2014,713576.0,9.09,0.1,92,37,75.4,123
2014,14546111.0,0.26,0.3,89,32,66.4,192
2014,191266.0,0.01,0.2,95,0,67.3,191
2014,112957.0,12.6,0.1,98,70,89.0,76
2014,11345357.0,0.01,0.4,98,10,65.7,23
2014,7755785.0,0.01,0.7,67,2299,62.7,278
2014,143819666.0,10.12,0.1,97,4711,73.0,225
2014,351694.0,6.58,0.2,95,0,70.0,177
2014,1998979.0,0.01,0.1,94,59,74.8,135
2014,14162.0,9.88,0.1,98,0,89.0,78
2014,3811735.0,10.71,0.1,96,0,77.3,12
2014,1286712.0,0.01,1.1,78,786,59.7,252
2014,112249.0,4.52,0.1,67,58848,68.4,214
2014,3973354.0,0.01,0.1,88,0,75.3,125
2014,776448.0,0.01,0.5,99,0,69.4,216
2014,6552584.0,0.01,0.2,87,0,73.9,147
2014,152779.0,0.01,0.2,88,0,68.3,179
2014,322817.0,0.52,0.1,96,221,74.8,126
2014,953579.0,0.01,0.1,94,0,72.5,119
2014,145844.0,5.92,0.3,89,0,73.6,154
2014,255131116.0,0.09,0.3,78,12943,68.9,179
2014,4238389.0,12.14,0.1,95,0,77.8,97
2014,1293859294.0,3.07,0.2,79,79563,68.0,184
2014,889216.0,2.87,0.3,97,0,74.5,149
2014,115239.0,0.01,0.1,96,10,83.0,53
2014,1572466.0,0.01,0.5,48,0,63.1,245
2014,763393.0,7.64,0.3,98,0,66.0,217
2014,1725744.0,0.01,3.4,87,1,58.4,282
2014,912164.0,0.38,2.1,78,0,63.0,252
2014,118559.0,0.01,0.5,51,175,58.1,299
2014,15923559.0,1.88,0.4,73,0,71.7,187
2014,4617225.0,10.75,0.1,95,33,81.2,66
2014,1892413.0,7.53,0.1,96,1,88.0,73
2014,26962563.0,0.01,0.8,98,124,62.1,253
2014,1593112.0,3.82,0.1,83,0,76.0,121
2014,89825.0,11.03,0.1,88,443,89.0,69
2014,3727.0,6.13,0.1,91,3188,74.5,125
2014,1875713.0,0.01,2.8,7,33,65.5,237
2014,6281189.0,2.52,0.2,93,0,73.3,181
2014,66331957.0,11.5,0.1,83,267,82.2,79
2014,88586.0,0.01,0.1,99,0,69.7,19
2014,97366774.0,0.01,0.6,77,12739,64.2,234
2014,3568.0,0.01,0.1,62,1317,67.9,199
2014,4757575.0,3.45,0.1,91,1,79.5,96
2014,2223994.0,0.01,3.7,87,831,56.7,366
2014,327582.0,0.01,0.1,62,492,59.9,271
2014,1768838.0,0.01,5.1,91,3,57.6,377
2014,2358981.0,0.01,0.3,73,3,65.1,225
2014,35544564.0,8.1,0.1,55,418,82.0,65
2014,556319.0,11.12,0.1,94,0,81.7,65
2014,2932367.0,15.19,0.1,94,11,73.4,169
2014,4515392.0,0.01,4.5,47,210,58.0,437
2014,439737.0,0.01,0.9,5,34,58.1,329
2014,13569438.0,0.01,2.9,37,1275,52.6,362
2014,2145785.0,0.01,9.4,93,0,52.1,522
2014,17613798.0,7.16,0.1,95,0,83.0,83
2014,563279.0,1.32,0.1,81,112,74.8,99
2014,82157.0,2.62,0.1,97,6,82.2,6
2014,136427.0,5.78,0.1,99,52628,75.8,86
2014,1993782.0,0.01,0.1,92,36,74.4,156
2014,11458.0,0.01,0.1,75,0,66.1,2
2014,462425.0,0.01,2.9,92,354,62.9,255
2014,47791911.0,4.38,0.1,9,0,74.6,144
2014,17289224.0,6.29,0.1,95,321,69.9,22
2014,88936.0,0.41,0.1,98,20,74.0,113
2014,286287.0,3.83,0.5,92,0,75.8,133
2014,759385.0,0.01,0.8,88,0,63.2,23
2014,678914.0,7.56,0.1,95,0,82.5,57
2014,4648882.0,0.01,0.1,96,154,82.6,58
2014,1129424.0,0.01,4.4,2,13,57.9,32
2014,969611.0,7.3,0.1,67,26,82.3,54
2014,547928.0,6.32,0.4,85,0,71.4,178
2014,25885.0,0.01,0.1,64,10,71.7,134
2014,288914.0,4.51,0.1,98,0,77.5,8
2014,129597.0,0.01,7.3,98,0,58.4,382
2014,38833338.0,0.01,3.2,78,314,61.5,38
2014,15411675.0,6.5,6.3,91,0,59.2,371
2014,1354493.0,6.94,0.3,92,0,71.1,171
2014,1114398.0,1.39,0.1,98,15,75.1,12
2014,3419546.0,6.03,0.1,95,0,76.8,117
2014,5466241.0,2.9,0.1,97,0,66.0,217
2014,45271947.0,8.06,0.2,22,0,78.0,23
2014,7228915.0,0.01,1.0,87,577,59.7,285
2014,2692466.0,8.33,2.0,64,11699,51.7,348
2014,1212814.0,0.01,0.1,77,47,68.0,155
2014,8541575.0,12.32,0.1,98,117,81.4,66
2014,15782.0,0.01,0.1,8,0,73.3,135
2014,2771.0,2.37,0.1,99,1686,74.7,141
2014,2346694.0,9.71,0.1,91,340,82.7,6
2014,39113313.0,0.01,0.1,95,0,75.4,11
2014,37577.0,0.01,0.1,99,8,69.2,184
2014,773628.0,1.45,0.1,96,565,75.5,17
2014,1562974.0,0.01,4.3,86,9,61.1,314
2014,8362745.0,0.01,0.2,97,0,69.6,162
2014,29622.0,3.91,0.1,93,13,74.6,12
2014,68416772.0,6.41,0.1,99,0,74.6,152
2014,42981515.0,7.93,0.1,94,1,76.2,118
2013,7415.0,0.01,0.8,88,0,62.9,233
2013,285187.0,3.79,0.6,93,0,75.6,136
2013,454896.0,8.44,0.2,46,0,71.0,198
2013,7265115.0,12.06,0.1,95,14,74.1,14
2013,231652.0,0.01,2.5,89,1028,66.1,232
2013,6233948.0,7.35,0.1,96,0,82.3,58
2013,51448196.0,0.7,0.4,75,1010,66.2,22
2013,26434372.0,1.16,5.1,78,8,55.3,46
2013,742948.0,0.01,1.5,84,564,59.4,287
2013,393.0,0.01,0.1,99,0,77.9,64
2013,2248632.0,7.24,0.1,96,220,74.7,146
2013,2798531.0,0.27,0.1,92,1861,69.3,162
2013,364999.0,4.12,0.1,91,0,77.0,9
2013,6814365.0,6.5,0.1,99,2641,74.5,153
2013,127856227.0,3.11,0.2,7,13822,67.6,187
2013,54336.0,11.02,0.1,94,0,81.4,68
2013,25232263.0,0.09,0.3,85,8419,68.7,181
2013,18426372.0,0.01,0.6,67,1224,69.0,227
2013,33883145.0,0.01,0.1,66,669,69.5,17
2013,212857.0,0.01,2.8,95,1,64.2,286
2013,3485.0,5.82,0.1,94,0,76.8,117
2013,5945747.0,3.58,0.1,98,0,73.9,157
2013,1184366.0,0.01,0.1,82,4,67.7,158
2013,47641.0,3.42,0.1,94,0,79.4,96
2013,1684432.0,8.68,0.1,51,2632,81.4,6
2013,8413464.0,0.4,0.1,98,120,73.9,114
2013,8595.0,2.69,0.1,97,50,82.1,61
2013,4598294.0,10.49,0.1,95,51,81.0,67
2013,47342981.0,4.41,0.1,91,1,74.4,145
2013,33824769.0,0.45,0.1,99,92,73.9,97
2013,423374.0,8.58,0.1,94,0,81.1,57
2013,1114558.0,1.29,0.1,98,16,74.9,13
2013,17462982.0,7.2,0.1,9,0,81.0,84
2013,5366277.0,2.93,0.1,98,0,65.4,228
2013,2117361.0,0.01,9.6,93,516,52.1,518
2013,1522692.0,0.01,0.2,83,0,67.8,183
2013,13133589.0,0.64,3.1,39,226,52.2,366
2013,2976724.0,0.53,0.1,96,195,74.6,128
2013,42539925.0,8.28,0.1,94,0,76.0,119
2013,2599834.0,8.1,2.3,77,8523,51.1,355
2013,21655715.0,0.01,4.0,89,760,56.4,364
2013,4286291.0,0.01,1.1,76,0,61.1,258
2013,16577147.0,0.01,6.3,89,1,56.7,394
2013,4499653.0,0.01,5.1,23,596,49.9,451
2013,22961146.0,0.87,0.4,74,6,64.7,23
2013,75787333.0,1.41,0.1,97,7405,75.2,19
2013,35155451.0,8.2,0.1,55,83,81.8,67
2013,2957689.0,15.04,0.1,93,35,73.0,178
2013,16477818.0,0.01,1.6,69,221,57.3,275
2013,527612.0,1.29,0.1,81,1761,74.9,97
2013,289359.0,3.79,0.1,95,10,74.4,123
2013,5216.0,0.01,0.2,94,0,72.8,12
2013,38338562.0,0.53,0.1,95,25,75.3,112
2013,1735275.0,6.48,0.1,99,73,69.5,28
2013,62127.0,0.01,0.1,9,0,75.8,19
2013,4255689.0,12.39,0.1,96,0,77.7,97
2013,286917.0,0.01,0.1,98,0,68.1,227
2013,15328.0,0.01,0.1,82,0,73.2,137
2013,1772723.0,4.64,0.7,88,375,59.0,27
2013,44826849.0,1.84,3.0,93,190,62.6,258
2013,122535969.0,5.23,0.1,82,0,76.6,12
2013,18535.0,0.01,0.1,95,0,65.8,22
2013,96186.0,0.01,1.0,96,0,58.6,33
2013,37553726.0,0.01,4.0,78,7878,67.0,325
2013,1258653.0,0.01,0.1,98,0,74.1,147
2013,1348248.0,6.71,0.3,92,0,71.0,172
2013,212647.0,10.37,0.1,94,0,74.1,161
2013,394617.0,0.01,1.1,8,62,62.7,28
2013,135738.0,5.79,0.1,99,26883,75.6,88
2013,181712595.0,0.04,0.1,72,8749,66.0,163
2013,17182933.0,8.3,3.9,46,52852,53.2,367
2013,19757.0,0.01,0.1,6,0,73.6,131
2013,1165151.0,0.01,0.5,98,17,65.2,233
2013,157571292.0,0.01,0.1,96,237,71.0,135
2013,11536615.0,0.01,1.0,63,53,58.8,284
2013,1457295.0,10.0,0.1,98,1,86.0,79
2013,7164132.0,9.16,0.1,91,1,75.3,122
2013,96379.0,7.3,0.1,67,51,81.9,57
2013,19983693.0,9.59,0.1,96,1159,74.6,138
2013,15596214.0,1.93,0.4,85,0,71.4,189
2013,344181.0,6.56,0.2,95,0,69.8,18
2013,1281296.0,5.93,0.3,8,0,73.4,157
2013,625777.0,2.42,0.2,92,0,73.0,184
2013,692279.0,0.01,0.8,92,15,54.0,47
2013,14356911.0,10.58,0.2,97,2339,70.0,229
2013,54254.0,6.02,0.4,86,0,71.2,179
2013,1965211.0,7.46,0.1,98,3,86.0,74
2013,6599857.0,11.1,0.1,74,272,82.0,81
2013,879715.0,0.01,0.1,99,0,69.6,192
2013,26346251.0,0.01,0.9,9,319,61.9,254
2013,23117353.0,9.87,0.1,91,158,82.5,61
2013,1515321.0,2.41,4.8,79,35,63.0,328
2013,89949.0,0.01,0.1,99,0,72.9,172
2013,11182817.0,11.77,0.1,98,39,87.0,77
2013,8479375.0,11.82,0.1,95,0,81.1,68
2013,155456.0,6.39,6.8,95,0,58.0,399
2013,864565.0,10.94,0.1,88,1771,86.0,71
2013,1817271.0,8.86,3.7,79,122,64.6,255
2013,18745.0,0.01,0.2,97,0,67.1,192
2013,15661547.0,3.77,0.1,87,0,76.0,121
2013,9465997.0,14.66,0.1,98,16,71.7,23
2013,1271456.0,0.01,9.8,98,0,57.6,393
2013,141232.0,0.26,0.3,92,17,66.0,196
2013,896688.0,0.53,2.1,82,28,62.7,256
2013,253142.0,0.01,0.1,64,0,71.6,135
2013,384196.0,11.63,0.1,96,84,77.1,12
2013,75881.0,7.56,0.3,98,0,65.9,218
2013,3838462.0,6.89,0.1,8,0,77.5,118
2013,32432.0,0.01,0.1,99,0,69.1,185
2013,8657785.0,3.11,0.4,97,0,74.3,15
2013,7592865.0,0.01,0.8,73,12,62.4,281
2013,941681.0,2.14,0.1,93,164,72.2,121
2013,1317997.0,0.01,0.1,93,2,76.9,127
2013,1143896.0,9.04,0.1,96,0,81.0,54
2013,466245.0,9.25,0.1,95,131,82.4,6
2013,2585.0,2.56,0.1,99,2107,74.6,142
2013,764961.0,0.01,0.6,97,0,69.1,219
2013,1431776.0,5.68,0.5,68,0,62.7,253
2013,563513.0,0.01,0.1,94,0,68.8,182
2013,31731688.0,0.01,0.1,64,430,59.9,268
2013,53311955.61,7.34,4.5,7,25,69.0,371
2013,646574.0,5.03,0.2,86,0,73.8,148
2013,3565716.0,5.38,0.1,88,0,75.3,125
2013,817789.0,0.01,0.2,96,1,69.3,163
2013,14451.0,0.01,1.2,77,637,59.5,251
2013,1681495.0,0.01,4.5,87,0,58.1,279
2013,9848132.0,4.61,0.1,89,2920,68.1,219
2013,94887724.0,1.86,0.9,72,5253,63.7,237
2013,3776.0,5.91,0.1,96,7872,74.5,128
2013,289592.0,4.76,0.1,99,0,77.2,84
2012,289928.0,0.01,9.0,95,179,52.2,513
2012,234319.0,10.21,0.1,9,3,73.8,163
2012,1756817.0,8.3,4.9,82,2,63.5,276
2012,3696958.0,0.01,0.1,67,2787,59.5,272
2012,2987773.0,15.14,0.1,93,0,73.0,176
2012,92444183.0,1.84,1.2,69,4347,63.3,241
2012,491644.0,1.53,0.1,81,9,75.0,93
2012,873596.0,0.01,0.1,99,0,69.4,195
2012,259615.0,8.24,2.6,75,4458,56.0,358
2012,1471826.0,6.09,8.8,97,0,56.6,429
2012,4181563.0,0.01,1.2,8,43,67.0,261
2012,449416.0,0.01,5.1,47,141,53.0,439
2012,5267839.0,2.75,0.1,98,0,65.6,22
2012,1275135.0,0.62,3.6,4,120,51.8,367
2012,1739746.0,6.76,0.1,9,0,79.9,84
2012,6565979.0,11.5,0.1,78,0,81.5,83
2012,1322696.0,0.01,0.1,94,4,76.3,135
2012,6221246.0,2.48,0.3,92,0,73.0,181
2012,4267558.0,11.49,0.1,98,2,77.1,14
2012,3825.0,7.71,0.1,92,31,74.2,13
2012,881185.0,0.52,1.9,81,709,62.2,263
2012,11281469.0,0.01,1.9,62,6,58.4,288
2012,455933.0,8.44,0.2,46,12746,77.0,25
2012,7915.0,2.78,0.1,97,211,81.8,6
2012,4586897.0,11.49,0.1,95,107,85.0,69
2012,1638139.0,0.01,5.3,87,0,57.6,285
2012,75391.0,7.57,0.3,97,0,65.8,22
2012,4654122.0,3.34,0.1,91,0,79.2,97
2012,2941.0,5.14,0.1,99,9,76.9,86
2012,32776571.0,0.01,0.1,61,15,76.0,147
2012,113562.0,10.55,0.1,96,1,80.0,56
2012,3396777.0,5.77,0.1,95,0,76.5,118
2012,248883232.0,0.08,0.3,83,15489,68.5,183
2012,297745.0,0.01,0.1,99,0,68.8,184
2012,126365852.0,3.1,0.2,73,18668,67.3,19
2012,855646.0,3.11,0.4,97,0,74.1,151
2012,723868.0,0.01,0.8,89,1,62.5,237
2012,59539717.0,7.49,0.1,96,376,82.0,6
2012,135695.0,5.74,0.1,99,6183,75.4,89
2012,1527156.0,2.02,0.4,96,0,71.3,189
2012,15419666.0,3.92,0.1,88,72,75.5,127
2012,16613.0,0.01,0.1,94,0,65.7,24
2012,14699937.0,2.59,5.6,78,896,59.2,349
2012,3636796.0,0.01,4.6,78,2027,60.0,339
2012,43646629.0,1.81,3.0,94,0,62.1,263
2012,16791425.0,6.82,0.1,95,55,69.1,214
2012,37565847.0,0.66,0.1,95,18,75.1,113
2012,8425823.0,11.18,0.1,88,166,86.0,71
2012,46881475.0,4.44,0.1,92,1,74.3,143
2012,2573349.0,0.01,0.9,92,1613,61.6,257
2012,114511.0,8.2,0.1,98,3,84.0,76
2012,115495.0,5.93,0.4,74,0,72.1,174
2012,7992573.0,0.41,0.1,98,3,73.7,115
2012,284992.0,3.65,0.5,96,0,75.3,138
2012,247485.0,0.01,0.1,64,0,71.4,138
2012,74569867.0,1.54,0.1,97,349,74.8,112
2012,5986514.0,0.55,0.5,58,2175,65.9,25
2012,53946.0,11.34,0.1,94,2,81.1,7
2012,8429991.0,12.26,0.1,92,36,88.0,7
2012,115676.0,0.01,0.1,83,16,67.4,159
2012,1788853.0,0.01,0.7,98,75,64.6,239
2012,27649925.0,0.26,0.2,9,3362,68.9,167
2012,189194.0,0.01,0.1,64,1,73.2,136
2012,256983.0,7.55,0.1,96,2,74.5,148
2012,11128246.0,10.08,0.1,98,109,83.0,78
2012,2263934.0,0.01,3.7,84,86,65.8,232
2012,6859482.0,0.01,1.7,84,238,58.9,294
2012,182889.0,0.01,0.5,96,0,66.9,194
2012,1248158.0,0.01,12.2,95,0,56.5,412
2012,2567666.0,1.19,6.9,76,145,54.8,48
2012,735888.0,10.99,0.1,95,1,73.9,139
2012,96866642.0,5.02,0.1,88,1536,68.1,217
2012,2881922.0,3.89,0.1,95,0,74.4,121
2012,33333789.0,0.55,0.1,99,668,73.6,99
2012,1373513.0,0.28,0.4,91,46,65.6,2
2012,6261.0,0.01,0.1,9,0,75.6,11
2012,719977.0,9.38,0.1,97,0,74.9,126
2012,16754962.0,9.05,0.1,2,10,81.1,62
2012,587718.0,3.63,0.1,98,0,73.9,157
2012,16571216.0,4.75,0.8,9,7362,58.6,271
2012,1514844.0,11.96,0.1,98,23,83.0,81
2012,3158966.0,5.14,0.1,95,0,74.9,129
2012,799562.0,0.01,0.2,94,16,68.8,164
2012,6379219.0,5.36,0.1,87,0,73.6,148
2012,3863164.0,10.81,0.1,97,71,76.8,125
2012,752967.0,0.01,0.6,97,1,68.7,223
2012,9519374.0,7.4,0.1,53,30,81.7,57
2012,743836.0,0.01,1.0,68,0,62.2,284
2012,22728254.0,10.03,0.1,91,199,82.3,61
2012,3772938.0,6.95,0.1,85,0,77.2,12
2012,14321676.0,10.99,0.3,97,2123,69.6,237
2012,177911533.0,0.04,0.1,72,8046,65.7,165
2012,36482.0,4.61,0.1,92,22,76.8,92
2012,25835.0,9.58,0.1,96,7450,74.4,138
2012,167297284.0,8.54,4.4,42,6447,52.7,374
2012,33671.0,6.66,0.1,98,0,69.4,189
2012,67843979.0,6.56,0.1,98,5197,74.3,154
2012,17731634.0,0.01,0.7,71,272,63.0,232
2012,289315.0,0.01,4.4,95,7,63.4,3
2012,2814226.0,0.01,0.1,99,0,67.8,231
2012,972916.0,0.01,1.3,8,288,59.3,251
2012,14951.0,0.01,0.1,77,0,73.0,138
2012,419455.0,7.67,0.1,93,0,81.0,58
2012,14776866.0,0.01,0.3,86,15,67.4,186
2012,5256515.8,7.38,7.6,68,32,59.2,48
2012,2425.0,2.8,0.1,99,51,74.5,143
2012,169735.0,0.01,8.3,96,11,55.3,42
2012,2182383.0,0.01,4.6,85,609,55.9,369
2012,513979.0,0.01,0.3,94,0,72.7,121
2012,15572753.0,0.01,0.1,94,1986,77.0,137
2012,1341588.0,6.7,0.4,92,0,78.0,174
2012,16667.0,0.01,1.5,66,341,57.2,27
2012,385.0,0.01,0.1,99,0,77.6,65
2012,2917456.0,0.53,0.1,97,1868,74.5,129
2012,4677355.0,9.35,0.1,96,1204,82.0,61
2012,4296739.0,8.35,0.1,91,2,75.9,12
2012,1886668.0,1.3,0.1,97,48,74.9,13
2012,676613.0,0.01,0.9,91,678,49.7,411
2012,551531.0,0.01,0.1,99,0,68.7,184
2012,383239.0,0.01,1.2,8,35,62.5,29
2012,3475545.0,8.3,0.1,7,10,81.6,68
2012,9464495.0,16.35,0.1,97,10,71.9,194
2012,1255882.0,0.01,0.1,98,0,73.9,154
2012,8833.0,0.01,0.1,99,0,72.7,174
2012,931971.0,0.01,1.2,96,49,58.0,312
2012,53777.0,5.73,0.9,84,0,71.3,178
2012,9295784.0,0.01,0.1,88,0,71.9,123
2012,22346573.0,0.87,0.4,7,2,64.3,235
2012,1282837.0,5.29,0.1,99,0,76.3,123
2011,113517.0,0.22,2.0,63,11,58.1,29
2011,946756.0,1.32,1.4,65,3255,62.6,249
2011,9527794.0,4.96,0.1,87,6538,68.0,218
2011,155756.0,11.92,0.1,97,2,82.0,85
2011,539614.0,0.99,0.1,99,0,68.5,186
2011,9449213.0,7.4,0.1,42,26,81.7,58
2011,14948919.0,2.16,0.4,88,0,71.1,193
2011,51729345.36,7.38,8.5,76,92,58.9,413
2011,1327439.0,0.01,0.1,94,7,76.1,138
2011,3863255.0,10.93,0.1,98,0,76.7,128
2011,2271.0,3.03,0.1,99,60,74.5,141
2011,2147528.0,9.1,0.1,96,4189,74.3,139
2011,8274983.0,11.2,0.1,88,1607,85.0,74
2011,13391.0,0.32,0.4,92,18,64.9,26
2011,531589.0,5.64,0.1,86,0,76.0,187
2011,3875.0,8.14,0.1,89,64,73.9,127
2011,723499.0,9.56,0.1,94,370,74.6,127
2011,65342776.0,11.8,0.1,74,14949,81.7,83
2011,1788.0,5.69,0.5,96,0,66.6,198
2011,87441.0,9.72,0.1,99,0,72.6,177
2011,187665.0,2.15,0.1,58,0,73.0,139
2011,6611692.0,3.78,1.3,89,1865,48.9,418
2011,1225258.0,5.2,15.7,91,0,55.0,438
2011,14386649.0,6.0,13.3,94,0,54.9,464
2011,151671.0,8.34,1.3,97,31,63.8,247
2011,86786.0,0.01,0.1,99,0,69.2,197
2011,25121796.0,1.64,1.3,91,120,61.2,263
2011,14296868.0,11.04,0.3,97,629,69.4,242
2011,169711.0,8.9,6.0,75,2,62.8,289
2011,1114899.0,8.02,0.1,95,40,85.0,76
2011,241871.0,0.85,0.1,63,0,71.2,141
2011,14264756.0,2.57,6.3,81,13234,58.2,366
2011,3385624.0,5.97,0.1,95,0,77.0,111
2011,29759989.0,4.83,0.2,91,0,74.5,133
2011,2829493.0,3.58,0.6,92,1,75.2,139
2011,7574943.0,0.43,0.1,98,0,73.6,116
2011,6279.0,6.56,0.1,91,5,75.4,113
2011,2761516.0,0.01,0.1,99,0,67.3,235
2011,165566.0,6.63,0.1,99,127,68.5,224
2011,3593648.0,10.22,6.8,82,3312,59.3,347
2011,119917.0,5.3,0.1,98,3,76.1,124
2011,42486839.0,1.8,3.4,96,2395,61.2,278
2011,14577.0,0.96,0.1,82,0,72.9,14
2011,125244.0,3.03,0.1,98,2,73.6,158
2011,14656.0,0.53,0.1,95,0,65.5,26
2011,3717672.0,0.01,1.2,75,234,62.2,212
2011,416268.0,6.91,0.1,82,3,87.0,59
2011,1334788.0,6.5,0.4,9,0,76.0,176
2011,25979.0,10.14,0.1,89,1,73.6,169
2011,517461.0,2.55,0.1,97,0,65.6,217
2011,1554989.0,0.61,1.5,66,24,56.8,271
2011,377.0,1.92,0.1,96,0,77.3,67
2011,264166.0,2.39,10.5,96,172,52.3,52
2011,28635128.0,0.51,0.1,96,1569,74.3,13
2011,15627618.0,1.23,11.2,97,26,54.1,441
2011,1761467.0,1.29,0.1,98,11,74.8,13
2011,21743949.0,0.97,0.4,73,0,63.8,241
2011,47167.0,3.72,1.5,77,279,62.0,266
2011,7349455.0,1.53,0.1,96,111,74.5,114
2011,518347.0,11.5,0.1,95,6,88.0,72
2011,32858823.0,0.54,0.1,98,982,73.3,14
2011,249395.0,0.94,9.6,76,177,54.3,47
2011,1596154.0,3.57,5.7,86,0,57.1,289
2011,59379449.0,6.98,0.1,96,5189,82.0,6
2011,6293783.0,5.79,0.1,89,0,73.4,15
2011,7491.0,7.56,0.4,93,0,65.6,229
2011,7815949.0,0.32,0.2,96,1,68.1,166
2011,7269348.0,0.88,1.0,66,0,62.0,285
2011,293394.0,2.83,0.1,99,476,68.5,183
2011,377782.0,6.9,0.1,87,4,77.3,121
2011,83516.0,3.1,0.4,97,0,73.9,153
2011,174184265.0,0.04,0.1,74,4386,65.5,167
2011,16287776.0,8.75,4.7,46,18843,52.3,375
2011,124723629.0,3.0,0.2,44,33634,66.8,193
2011,328115.0,12.66,0.1,95,7,72.8,18
2011,1764636.0,0.15,0.7,75,771,59.4,241
2011,24577511.0,0.08,0.3,81,21893,68.3,185
2011,675313.0,6.07,0.2,98,3156,74.1,155
2011,3172753.0,0.17,0.1,77,15,77.0,144
2011,58782.0,3.39,0.1,98,0,74.5,147
2011,1669374.0,8.96,0.1,2,51,81.1,63
2011,27327147.0,0.27,0.2,92,2359,68.4,172
2011,4576794.0,11.72,0.1,95,285,84.0,7
2011,45761.0,8.48,0.2,21,1333,75.0,24
2011,1131523.0,0.5,0.1,67,763,67.2,161
2011,77658.0,2.67,0.1,98,70,81.8,61
2011,2215621.0,7.84,4.7,82,79,64.3,268
2011,555331.0,0.33,0.5,4,2046,65.6,27
2011,6679282.0,1.44,2.6,85,187,58.3,34
2011,46742697.0,9.62,0.1,97,3802,82.1,63
2011,4588368.0,1.57,0.1,81,9,75.0,93
2011,865937.0,0.39,2.7,87,49,61.8,268
2011,168194.0,4.51,0.9,91,860,58.1,275
2011,295195.0,5.37,0.1,99,28,76.6,88
2011,198686688.0,7.58,0.1,98,43,74.1,152
2011,7451.0,0.23,0.5,95,10,68.3,225
2011,223424.0,10.3,0.1,92,190,82.0,63
2011,94358.0,4.16,1.5,96,129,57.4,321
2011,1147744.0,10.11,0.1,97,576,83.0,8
2011,4646646.0,4.37,0.1,85,6,74.2,144
2011,46474.0,3.41,0.1,84,0,79.0,98
2011,5867.0,5.07,0.3,9,0,72.6,122
2011,3434278.0,8.2,0.1,7,803,81.5,68
2011,24218565.0,8.06,2.5,72,1449,51.0,361
2011,94682.0,1.4,1.4,75,426,59.1,251
2011,134413.0,5.63,0.1,99,9943,75.2,91
2011,76569.0,0.12,0.2,83,3,62.2,241
2011,619256.0,2.37,0.3,89,0,72.0,197
2011,14537886.0,2.12,0.3,88,722,67.0,19
2011,8391643.0,12.04,0.1,89,68,88.0,73
2011,917382.0,1.98,0.1,84,0,71.6,125
2011,329192.0,6.64,0.5,95,0,69.4,188
2011,4476153.0,1.66,5.8,47,679,49.8,443
2011,252447.0,6.19,4.9,82,504,55.6,371
2011,2978599.0,0.01,0.1,68,3013,59.2,275
2011,17153357.0,7.26,0.1,94,6,79.8,86
2011,15177355.0,3.99,0.1,88,257,75.3,131
2011,251339.0,5.76,5.5,95,8,62.2,325
2011,9473172.0,17.31,0.1,98,50,72.0,232
2011,447469.0,0.62,0.7,96,48,62.9,286
2011,7348328.0,10.67,0.1,96,157,73.7,144
2011,1124835.0,10.69,0.1,96,0,79.7,57
2011,36819558.0,0.56,0.1,95,112,74.9,116
2011,153911916.0,0.01,0.1,96,5625,73.0,14
2011,12288651.0,0.56,3.9,33,8650,51.6,365
2011,12795.0,5.91,0.7,8,2,73.1,16
2011,2875581.0,4.09,0.1,95,0,73.9,128
2011,3688865.0,4.64,0.1,88,10,76.9,92
2011,41656879.0,8.11,0.1,91,3,75.7,12
2011,428622.0,12.19,0.1,97,12,77.0,14
2010,718239.0,0.51,0.1,98,0,73.4,117
2010,8977.0,6.51,0.1,99,0,72.4,18
2010,46576897.0,9.78,0.1,97,302,81.9,64
2010,12652.0,0.48,0.1,91,0,65.3,27
2010,645872.0,3.84,1.6,86,1089,48.1,424
2010,15214912.0,0.01,0.1,94,788,69.9,142
2010,954332.0,1.98,0.1,8,0,71.1,13
2010,4591897.0,4.28,0.1,88,0,73.6,15
2010,4135152.0,1.73,4.3,9,95,63.0,294
2010,16321581.0,6.83,0.1,99,4,67.8,236
2010,5979432.36,7.28,11.0,71,12499,58.0,428
2010,52779.0,1.1,0.1,9,0,68.3,188
2010,122843.0,4.93,21.6,89,313,53.6,459
2010,2119.0,2.31,0.1,99,79,74.5,138
2010,281721.0,3.55,0.5,94,0,75.0,138
2010,41223889.0,8.15,0.1,94,17,75.5,121
2010,179417.0,0.2,2.2,64,45,57.8,291
2010,155588.0,3.21,5.9,83,26,56.7,287
2010,746556.0,7.52,0.4,95,0,65.9,221
2010,13281.0,6.5,0.4,9,0,74.0,179
2010,111267.0,11.32,0.1,96,18,79.5,59
2010,4417781.0,12.1,0.1,97,7,76.6,16
2010,8194778.0,3.1,0.4,97,0,73.6,156
2010,14137.0,1.24,0.1,82,0,72.8,142
2010,652952.0,1.21,3.8,83,120,57.4,323
2010,2877311.0,4.23,0.1,94,2,73.5,132
2010,12398691.0,2.77,0.2,38,31458,66.4,196
2010,119591.0,0.1,0.1,72,50,66.9,163
2010,242524123.0,0.08,0.3,83,18869,68.1,187
2010,672888.0,5.95,0.2,98,2583,73.9,158
2010,454528.0,3.58,0.1,89,0,78.1,16
2010,376271.0,0.19,0.1,72,492,76.0,145
2010,764163.0,0.32,0.2,93,0,67.3,171
2010,223175.0,10.52,0.1,92,70,81.9,64
2010,456155.0,11.88,0.1,46,443,86.0,68
2010,76236.0,2.63,0.1,97,23,81.7,61
2010,689692.0,0.15,0.1,74,0,61.8,246
2010,836344.0,12.1,0.1,86,52,84.0,75
2010,59277417.0,6.95,0.1,96,372,81.8,6
2010,52613.0,5.26,0.5,86,0,73.0,19
2010,133775.0,5.75,0.1,99,38159,75.0,92
2010,43984.0,0.61,0.9,9,51,62.1,298
2010,297555.0,9.8,0.1,91,0,72.8,18
2010,9199259.0,1.33,1.4,76,392,58.7,254
2010,41458.0,7.91,0.1,75,0,83.0,62
2010,29373646.0,4.72,0.2,93,0,73.7,14
2010,369543.0,0.01,1.2,64,1292,62.0,214
2010,876693.0,4.16,1.9,96,495,56.8,33
2010,1254.0,2.95,0.2,99,12,73.3,163
2010,629877.0,5.65,0.1,89,0,73.2,152
2010,1565217.0,4.55,1.0,91,2511,57.5,279
2010,117318941.0,5.21,0.1,93,0,75.6,127
2010,718239.0,0.79,1.1,56,0,61.8,286
2010,727641.0,0.28,0.5,91,21,67.9,228
2010,3643222.0,6.94,0.1,94,0,76.5,122
2010,271265.0,5.8,0.1,96,7,66.3,25
2010,1756182.0,0.04,0.1,82,4321,65.1,172
2010,619428.0,6.56,0.1,9,5,75.3,115
2010,158578261.0,8.9,4.8,49,8491,52.0,374
2010,7395599.0,10.8,0.1,95,22004,73.4,147
2010,3249639.0,0.56,0.1,98,633,72.8,11
2010,372284.0,4.54,0.1,89,45,76.4,94
2010,16425578.0,0.12,0.9,7,372,58.2,252
2010,2422145.0,0.96,10.8,74,2321,54.0,47
2010,5737723.0,3.38,0.1,98,0,73.2,154
2010,214866.0,5.99,6.2,95,853,61.1,349
2010,5155896.0,0.3,0.5,92,190,65.4,29
2010,2723137.0,0.24,0.2,82,190,68.0,178
2010,196796269.0,7.52,0.1,96,68,73.8,154
2010,52384.0,4.75,0.4,98,0,72.5,123
2010,157585.0,0.6,1.5,72,1719,56.5,273
2010,7291436.0,9.65,0.1,89,20,74.4,128
2010,93726624.0,4.85,0.1,77,6368,67.9,218
2010,949583.0,14.44,0.1,96,1,73.0,222
2010,16993354.0,7.93,0.1,92,0,79.1,89
2010,4337141.0,1.58,0.1,81,12,74.9,94
2010,12916229.0,0.28,0.4,89,428,64.3,212
2010,1188722.0,0.5,4.1,39,194,51.2,364
2010,4448525.0,1.67,6.6,45,2,49.2,446
2010,3948125.0,3.64,1.8,47,2200,59.7,272
2010,174776.0,5.58,0.5,98,0,66.2,24
2010,397282.0,12.9,0.1,94,2,72.4,188
2010,18625.0,3.01,0.1,57,8,72.6,144
2010,1895586.0,10.22,0.1,97,40,80.0,81
2010,345274.0,8.4,0.1,56,99,81.2,7
2010,56953.0,11.36,0.1,94,0,86.0,73
2010,1246842.0,7.92,2.3,97,121,62.8,26
2010,2115164.0,1.03,0.5,7,1,63.3,248
2010,142849449.0,11.05,0.2,97,129,68.4,256
2010,1997495.0,6.15,5.5,84,240,55.3,37
2010,1516795.0,1.08,13.7,93,118712,52.9,462
2010,2246871.0,9.0,0.1,98,193,73.4,153
2010,32168.0,6.76,0.2,96,0,69.5,186
2010,143874.0,2.2,0.5,89,1156,66.6,192
2010,28112289.0,0.49,0.1,96,73,74.1,131
2010,15731.0,12.25,0.1,97,5,79.6,88
2010,367.0,1.83,0.1,97,0,76.7,73
2010,3842794.0,10.59,0.1,98,13,76.3,13
2010,24551.0,2.71,13.4,93,2488,51.1,527
2010,217317.0,7.58,6.2,83,3138,63.0,299
2010,851146.0,0.44,3.1,88,7,61.3,273
2010,1331475.0,14.97,0.1,94,0,75.6,137
2010,72326914.0,1.49,0.1,96,7,74.2,116
2010,3926.0,7.24,0.1,95,22,73.8,132
2010,6164626.0,2.36,0.3,89,0,72.0,191
2010,1493469.0,3.95,0.1,9,0,75.0,134
2010,45877.0,8.39,0.2,48,39,69.8,212
2010,877267.0,1.34,1.7,62,4235,61.8,261
2010,236295.0,0.91,0.1,62,0,71.0,145
2010,138533.0,2.47,6.8,83,15754,58.0,363
2010,1463417.0,2.14,0.4,94,0,77.0,196
2010,9897985.0,6.02,0.9,83,0,72.7,166
2010,33915133.0,10.03,8.0,8,1313,58.4,362
2010,16421.0,8.85,7.0,67,1,62.3,294
2010,6527512.0,11.7,0.1,65,5048,81.3,86
2010,8177693.0,11.2,0.1,88,780,81.0,76
2010,36117637.0,0.45,0.1,95,103,74.7,119
2010,11121341.0,9.0,0.1,95,149,83.0,76
2010,291321.0,5.28,0.1,99,10,76.2,91
2010,285624.0,2.73,0.2,99,117,68.3,183
2010,58721.0,2.48,0.1,96,0,65.8,211
2010,3374415.0,6.21,0.1,95,0,76.3,118
2010,23369131.0,7.8,2.5,77,1190,49.6,365
2010,1639931.0,1.28,0.1,98,1,74.8,12
2010,2451214.0,1.69,1.9,94,641,69.0,267
2010,1486317.0,5.21,15.7,9,9696,52.4,527
2010,2883167.0,0.01,0.1,66,1989,58.8,279
2010,85995.0,2.25,0.1,99,0,69.1,2
2009,3162916.0,12.4,0.1,95,0,72.2,192
2009,184826.0,2.88,0.1,44,0,76.0,172
2009,1586754.0,8.64,8.0,79,0,61.7,31
2009,3362755.0,6.67,0.1,95,0,76.6,118
2009,17813.0,4.13,0.9,98,0,65.8,21
2009,3811528.0,3.75,2.1,64,6,59.2,277
2009,21929.0,2.75,18.2,91,0,49.4,566
2009,14691275.0,3.87,0.1,91,0,75.1,137
2009,1255917.0,0.3,0.5,86,999,63.5,219
2009,1152786.0,0.47,4.4,24,165,57.0,37
2009,33628571.0,8.4,0.1,42,14,81.0,72
2009,1796493.0,10.05,0.1,97,33,79.8,85
2009,497783.0,11.42,0.1,95,0,83.0,76
2009,46533.0,8.71,0.3,66,0,69.2,231
2009,956765.0,14.09,0.1,98,0,70.0,226
2009,4183156.0,1.62,0.1,81,22,74.7,95
2009,45416181.0,4.34,0.1,92,0,73.6,15
2009,6821116.0,0.59,0.1,98,0,73.3,118
2009,46362946.0,9.99,0.1,96,41,81.6,66
2009,5795.0,2.35,0.1,97,0,65.6,215
2009,5255813.11,7.6,19.0,74,5857,56.5,449
2009,169271.0,6.64,0.1,99,0,67.8,235
2009,3546576.0,0.5,0.1,94,107,74.4,123
2009,8947243.0,2.1,0.1,74,0,78.0,132
2009,423724.0,1.86,5.0,88,1218,59.1,317
2009,63126.0,3.97,1.7,84,31,47.1,433
2009,819237.0,11.22,0.1,88,574,80.0,79
2009,1545478.0,0.01,0.1,97,718,69.5,144
2009,133126.0,4.88,0.1,99,52461,74.9,93
2009,32771895.0,9.63,8.1,79,1601,57.5,378
2009,1568.0,0.54,0.1,86,0,65.2,28
2009,87298.0,4.94,0.1,99,0,72.3,182
2009,2141669.0,9.85,0.1,92,0,72.6,184
2009,73287.0,9.85,0.1,93,1,74.1,131
2009,2569121.0,0.91,0.5,77,0,62.8,254
2009,16829442.0,7.67,0.1,94,1,79.3,91
2009,3978.0,6.66,0.1,54,23,73.2,133
2009,9977446.0,7.11,2.8,97,5,61.0,288
2009,647744.0,11.8,0.1,51,1541,81.1,88
2009,142785342.0,11.21,0.3,98,101,68.2,261
2009,19432541.0,5.89,6.3,8,251,54.8,373
2009,85416253.0,1.17,2.0,56,1176,68.0,274
2009,11555228.0,5.27,0.1,95,0,75.7,13
2009,714458.0,0.17,0.4,93,6,67.4,232
2009,3579385.0,6.87,0.1,85,0,76.8,127
2009,13456417.0,2.3,9.1,94,26,57.4,368
2009,2668289.0,4.61,0.1,97,8,66.9,235
2009,1674958.0,0.03,0.1,78,863,64.8,175
2009,15442181.0,9.05,4.9,63,1272,51.6,376
2009,618294.0,6.45,0.1,87,0,75.0,117
2009,7444443.0,10.93,0.1,96,2249,73.2,152
2009,1334515.0,15.04,0.1,95,0,74.9,156
2009,31989897.0,0.62,0.1,98,834,72.3,116
2009,3746561.0,4.75,0.1,9,22,76.1,97
2009,15813913.0,0.11,1.1,71,801,57.1,263
2009,284331.0,0.01,0.1,63,2861,58.6,281
2009,1381599.0,4.64,18.1,73,853,50.0,587
2009,2352463.0,1.18,11.3,74,60,53.8,4
2009,5666581.0,3.36,0.2,98,0,73.2,163
2009,1979882.0,5.01,9.0,94,184,59.2,393
2009,49869.0,0.28,0.6,91,329,65.2,211
2009,431334.0,0.63,1.0,92,82,61.4,311
2009,2674113.0,0.22,0.2,89,189,67.5,183
2009,194895996.0,7.33,0.1,99,0,73.6,157
2009,1514199.0,4.55,1.1,92,54118,56.9,283
2009,6947447.0,0.82,1.1,66,0,61.6,288
2009,6127837.0,5.39,0.1,85,0,73.0,155
2009,3815163.0,10.7,0.1,98,115,75.7,136
2009,2927519.0,5.79,0.1,98,0,76.1,91
2009,1471462.0,1.16,14.9,93,21,51.5,491
2009,2367487.0,10.4,0.1,95,8,73.1,158
2009,28482.0,3.33,0.6,9,0,74.7,142
2009,14928.0,2.13,0.6,92,4779,66.1,195
2009,277674.0,2.56,0.2,98,0,68.0,183
2009,2765383.0,0.47,0.1,96,153,74.0,131
2009,313929.0,6.85,0.3,97,0,69.5,184
2009,1568247.0,12.03,0.1,96,3,79.3,9
2009,36.0,1.59,0.1,98,6,76.3,75
2009,9222879.0,4.42,0.1,85,1469,68.0,219
2009,1247429.0,2.83,0.1,99,15,72.8,166
2009,23785.0,0.83,0.1,62,0,78.0,149
2009,1466597.0,0.59,1.6,71,2939,56.0,276
2009,894476.0,1.16,1.6,79,1461,58.4,259
2009,496963.0,4.45,0.4,98,0,72.4,124
2009,412477.0,7.38,0.1,86,1,82.0,63
2009,29157.0,4.69,0.3,93,0,73.8,14
2009,851967.0,2.31,0.1,99,1,68.9,23
2009,356288.0,0.01,1.2,64,322,61.7,215
2009,848931.0,4.05,2.4,94,305,56.2,338
2009,6137276.0,2.55,0.3,91,0,71.4,23
2009,19968.0,2.05,0.1,97,21,71.8,183
2009,44423.0,1.56,7.3,42,11,48.6,453
2009,51679.0,1.21,0.1,92,0,68.1,192
2009,52619.0,5.13,0.6,87,0,70.0,196
2009,442978.0,12.21,0.1,97,2,76.3,19
2009,83684.0,0.49,3.2,89,48,69.0,279
2009,83521.0,3.08,0.5,97,0,73.4,157
2009,5995365.0,7.25,0.1,96,351,81.6,61
2009,2393831.0,1.76,2.1,94,101,66.0,271
2009,1364.0,1.08,0.1,84,0,72.5,147
2009,71339185.0,1.4,0.1,94,4,73.9,118
2009,1521834.0,1.4,0.1,99,1,74.7,12
2009,118675.0,4.9,33.7,88,26,52.6,46
2009,2888584.0,3.96,0.1,93,0,73.3,137
2009,121427132.0,2.5,0.2,37,56188,66.0,2
2009,19221.0,0.09,0.1,72,10,66.6,165
2009,22549547.0,7.01,2.5,61,2807,49.1,369
2009,23934478.0,0.08,0.3,82,20818,67.9,189
2009,74856.0,2.55,0.1,98,5,81.5,63
2009,673252.0,0.17,0.1,83,1,61.3,251
2009,66881867.0,5.88,0.3,98,6071,73.7,16
2009,4488263.0,4.07,0.1,87,0,79.2,96
2009,111717.0,9.08,0.1,95,2,80.0,78
2009,29894652.0,0.2,0.1,75,30328,74.0,148
2009,7472819.0,0.3,0.2,93,0,66.7,174
2009,9767758.0,6.05,1.2,8,0,73.6,157
2009,216917.0,10.62,0.1,94,104,81.7,66
2009,1431628.0,2.14,0.4,92,0,76.0,198
2009,633472.0,1.24,4.3,78,425,56.7,336
2009,479947.0,8.33,0.1,94,3,75.6,126
2009,1517448.0,2.55,6.0,8,0,56.3,288
2009,745693.0,7.49,0.3,98,0,66.1,218
2009,1556524.0,0.18,2.3,57,264,57.3,297
2009,19876.0,10.8,0.1,96,0,79.3,6
2009,1321618.0,6.37,0.2,9,0,71.0,183
2009,8343323.0,11.3,0.1,83,49,82.0,77
2008,138859.0,2.24,0.7,91,4211,65.6,199
2008,1946351.0,6.56,12.7,94,0,57.5,427
2008,14271234.0,1.27,16.9,91,20,50.0,525
2008,2537875.0,11.9,0.1,97,12,73.1,159
2008,6437499.0,11.9,0.1,47,604,89.0,88
2008,13558469.0,3.56,20.5,75,0,48.2,632
2008,236159276.0,0.07,0.2,82,15369,67.7,189
2008,616969.0,6.17,0.1,93,0,74.6,121
2008,559456.0,3.64,0.2,97,0,72.5,169
2008,2711169.0,0.47,0.1,97,334,73.8,132
2008,6654576.0,5.92,0.3,98,7790,73.5,162
2008,1558177.0,12.35,0.1,97,1,79.0,92
2008,1315372.0,6.41,0.3,9,0,69.9,185
2008,27328.0,2.36,0.3,91,2,67.9,184
2008,36165.0,7.22,0.1,94,0,69.6,181
2008,17811.0,0.06,0.1,79,0,66.2,168
2008,362.0,1.76,0.1,98,0,75.9,81
2008,22846758.0,1.48,12.6,75,4,53.2,45
2008,1177841.0,9.51,0.1,95,1,79.9,77
2008,9751864.0,4.21,0.1,88,341,67.5,217
2008,49479752.0,0.3,0.6,85,333,59.2,296
2008,3198231.0,13.3,0.1,96,1,71.1,224
2008,4232636.0,0.49,1.1,94,0,67.0,322
2008,183526.0,3.97,0.1,12,0,72.5,146
2008,19297929.0,7.21,0.1,96,0,73.4,158
2008,29111417.0,0.17,0.1,66,5494,69.3,167
2008,33245773.0,8.3,0.1,28,62,87.0,74
2008,1323142.0,0.21,2.3,57,89,56.8,33
2008,26475859.0,0.21,0.2,82,2089,67.0,189
2008,335824.0,6.76,0.1,94,0,76.4,119
2008,2947314.0,5.61,0.1,99,0,75.3,1
2008,442958.0,4.22,0.1,89,0,78.9,99
2008,48865.0,11.53,0.1,94,1,80.0,8
2008,978169.0,6.39,3.7,97,6,68.0,282
2008,179973.0,10.47,0.1,98,98,79.5,87
2008,18978.0,5.9,6.7,84,495,54.2,382
2008,739728.0,0.32,0.3,86,0,66.4,178
2008,19996469.0,0.68,0.5,77,3,62.3,259
2008,14274235.0,12.04,0.3,98,27,67.5,278
2008,38125759.0,11.4,0.1,98,0,75.5,14
2008,491723.0,4.16,0.4,98,0,72.4,124
2008,119714696.0,1.93,0.3,29,44258,65.5,23
2008,6787187.0,0.81,1.3,59,0,61.4,29
2008,746314.0,7.32,0.8,93,0,66.3,218
2008,7872658.0,3.14,0.6,92,0,73.2,159
2008,14689726.0,4.5,1.5,93,395,56.1,288
2008,13379.0,16.99,0.1,94,0,74.2,167
2008,83184892.0,1.13,2.4,52,3511,59.8,289
2008,822934.0,0.49,3.3,88,143,62.0,289
2008,146366.0,2.21,0.4,95,0,79.0,19
2008,11366189.0,5.36,0.1,97,0,75.6,127
2008,443458.0,12.06,0.1,97,51,76.0,116
2008,795.0,0.21,0.4,96,7,67.0,234
2008,3516268.0,6.74,0.1,86,0,76.5,127
2008,7492561.0,10.98,0.1,96,1,72.9,155
2008,1382517.0,2.12,11.9,87,140,55.7,45
2008,2628131.0,4.26,0.1,96,31,67.4,225
2008,16364463.0,0.03,0.1,65,1129,64.6,177
2008,1534739.0,9.3,5.0,41,9960,59.0,386
2008,2729431.0,0.03,0.1,64,1599,58.1,287
2008,31596855.0,0.51,0.1,97,1455,71.8,123
2008,1244121.0,2.49,0.1,99,12,72.7,166
2008,4382389.0,8.41,0.1,9,0,75.4,126
2008,135.0,1.1,0.1,84,0,72.6,145
2008,22534.0,1.18,0.1,61,0,75.0,153
2008,2175942.0,7.07,2.6,69,265,48.7,371
2008,14138216.0,0.57,1.6,74,98,55.5,278
2008,29822.0,3.96,0.1,89,0,73.2,14
2008,84334.0,1.95,0.1,99,0,68.7,26
2008,49379.0,7.14,0.1,86,1,80.0,64
2008,2864198.0,4.85,0.3,93,1,73.9,138
2008,147336.0,1.37,0.1,99,2,74.7,12
2008,181563.0,12.01,0.1,93,1,79.1,62
2008,8696916.0,1.28,1.8,75,928,57.6,278
2008,8212264.0,4.33,2.9,92,173,55.3,35
2008,1536411.0,8.75,8.9,82,3,61.6,298
2008,6161796.0,1.33,4.8,24,187,56.2,344
2008,347541.0,0.02,1.3,74,4,61.4,217
2008,3763599.0,5.13,0.1,88,8,76.0,98
2008,647117.0,6.14,0.1,87,0,72.7,157
2008,61131.0,2.68,0.3,98,0,71.7,194
2008,963652.0,6.12,1.4,81,0,73.3,161
2008,279122.0,3.51,0.4,92,2,74.5,145
2008,31663896.0,9.79,8.2,71,1319,56.3,41
2008,199993.0,2.75,27.3,88,0,47.8,592
2008,4935762.0,2.4,0.1,96,0,64.5,235
2008,735222.0,9.54,0.1,93,2,74.0,132
2008,2329864.0,1.78,2.2,93,82,63.0,275
2008,49557573.3,8.19,23.5,76,39,55.3,473
2008,3486715.0,0.46,0.1,91,217,74.1,126
2008,58826731.0,7.96,0.1,96,1617,81.5,61
2008,11133861.0,0.45,4.7,17,63,49.6,394
2008,6165372.0,3.91,1.9,77,44,46.2,441
2008,15674.0,7.6,0.1,99,20,66.6,258
2008,9527985.0,14.67,0.1,98,0,70.0,224
2008,657229.0,0.12,0.1,81,0,61.0,255
2008,1223957.0,0.28,0.6,88,6,62.8,225
2008,515148.0,4.94,1.2,84,0,69.8,196
2008,39148416.0,1.71,6.4,88,1282,57.9,339
2008,462582.0,9.46,0.4,84,48,67.7,273
2008,821197.0,11.36,0.1,87,917,79.9,8
2008,87634.0,1.18,0.1,68,5,73.0,141
2008,411147.0,1.67,0.1,81,24,74.5,98
2008,7388.0,2.47,0.1,99,931,81.0,65
2008,16661942.0,7.31,0.1,95,0,79.6,88
2008,43.0,7.17,0.1,89,56,73.9,128
2008,8321496.0,12.0,0.1,83,448,84.0,76
2008,14447562.0,3.76,0.1,93,1,74.6,139
2008,54477.0,1.09,0.1,89,0,68.0,193
2008,6489822.0,0.61,0.1,97,2,73.1,119
2008,14885814.0,0.01,0.1,96,2660,69.1,147
2008,4491544.0,4.45,0.1,92,0,73.5,146
2008,9844.0,0.46,0.1,83,0,65.1,21
2008,212492.0,10.76,0.1,94,65,81.3,66
2008,74432.0,1.39,0.1,92,0,73.5,121
2008,3662993.0,3.88,2.4,64,1,58.6,281
2008,1324655.0,4.27,0.1,95,131441,74.5,97
2008,1158897.0,4.87,40.2,9,1,51.4,477
2008,86956.0,6.33,0.1,99,0,72.2,184
2008,4595416.0,10.24,0.1,97,297,81.3,7
2008,19817.0,2.1,0.1,98,33,72.3,172
2008,2177322.0,11.84,0.1,93,3,71.9,199
2008,166913.0,4.36,0.9,99,0,65.4,215
2007,615417.0,3.86,2.2,63,0,45.3,45
2007,96311.0,0.68,0.1,96,0,65.0,211
2007,111836346.0,5.35,0.1,98,0,76.0,123
2007,8454791.0,1.12,2.0,82,341,57.1,283
2007,82266372.0,11.5,0.1,86,567,79.8,82
2007,26616792.0,0.02,0.1,63,1141,57.5,295
2007,8533.0,8.12,0.1,99,1,72.2,185
2007,5843831.0,8.37,0.1,97,321,81.3,63
2007,227212.0,1.25,2.6,94,6,59.9,28
2007,388599.0,1.97,9.1,81,1516,56.8,356
2007,3312665.0,0.02,1.3,74,11,61.2,219
2007,123963.0,3.24,0.1,97,13,72.9,161
2007,8942.0,0.45,3.5,25,24,59.8,296
2007,1425221.0,4.58,1.7,89,12,55.3,293
2007,69597281.0,1.26,0.1,96,3,73.2,124
2007,6627922.0,0.71,1.4,61,0,61.1,295
2007,8149.0,1.06,2.8,47,1446,58.5,39
2007,1317885.0,3.88,0.1,92,109023,74.4,96
2007,686958.0,0.16,0.3,95,11,66.5,238
2007,683475.0,2.83,0.3,99,0,71.2,23
2007,777972.0,3.16,0.7,93,0,73.0,16
2007,5966159.0,5.61,0.1,86,0,72.5,159
2007,32887928.0,8.3,0.1,14,101,85.0,74
2007,345387.0,6.16,0.2,85,0,76.4,124
2007,19668.0,2.29,0.1,98,44,73.7,146
2007,163712.0,11.56,0.1,93,0,78.9,63
2007,552216.0,3.83,0.2,93,0,72.5,173
2007,6193191.0,0.6,0.1,98,41,73.0,12
2007,22188387.0,1.03,14.1,75,267,52.1,425
2007,13926.0,6.37,0.7,89,0,69.7,187
2007,34376.0,0.44,0.1,9,0,73.8,129
2007,1332999.0,3.88,23.7,72,242,46.6,67
2007,1914414.0,6.21,13.4,93,1,56.9,436
2007,3774.0,5.16,0.1,94,166,75.4,16
2007,26214847.0,0.2,0.2,82,1415,66.6,194
2007,44374572.0,4.66,0.1,93,0,73.5,144
2007,49171586.0,0.26,0.6,85,1088,64.5,217
2007,196727.0,0.19,2.4,57,3,56.4,36
2007,4522683.0,11.05,0.1,96,267,89.0,72
2007,4153332.0,1.23,1.3,91,55,62.0,329
2007,19126637.0,7.19,0.1,99,0,73.3,159
2007,8295487.0,12.5,0.1,85,20,81.0,8
2007,137286.0,2.4,0.4,85,0,75.0,192
2007,4436.0,12.56,0.1,95,0,75.8,114
2007,5975.0,4.72,0.8,84,0,69.5,22
2007,49294.0,0.85,0.1,9,0,67.6,2
2007,12357.0,2.05,0.1,87,0,72.5,146
2007,85813.0,1.02,0.1,62,0,73.0,14
2007,259167.0,3.79,0.1,98,12,65.9,26
2007,16332974.0,0.03,0.1,75,2801,64.4,178
2007,129887.0,1.24,0.1,98,4,74.6,12
2007,14641724.0,9.55,5.2,42,2613,55.0,388
2007,3997224.0,8.16,0.1,85,0,74.8,129
2007,31225881.0,0.56,0.1,95,2248,71.4,128
2007,15484192.0,7.44,0.1,94,13,65.3,288
2007,615875.0,4.98,0.1,9,0,74.2,125
2007,13468.0,17.87,0.1,95,1,73.0,189
2007,7545338.0,10.89,0.1,95,1,72.6,157
2007,747869.0,7.2,1.9,94,0,65.7,232
2007,487137.0,2.58,0.1,98,59,64.1,241
2007,48883844.99,8.48,26.4,83,31,54.5,486
2007,12725974.0,2.08,13.6,8,535,52.6,487
2007,7939573.0,4.54,3.4,99,43,54.8,355
2007,147139191.0,0.01,0.1,95,2924,68.6,151
2007,954353.0,6.05,1.6,81,0,72.9,164
2007,1428588.0,12.19,0.3,98,173,67.3,282
2007,7152385.0,0.35,0.3,84,2,66.1,181
2007,64162.0,0.16,0.1,75,0,66.0,259
2007,1148473.0,9.67,0.1,95,2,79.4,8
2007,2882982.0,10.6,0.1,99,353,72.9,154
2007,1384969.0,1.18,19.3,87,143,48.5,559
2007,11873557.0,0.32,0.7,94,11,62.1,23
2007,232989141.0,0.06,0.2,76,19456,67.5,19
2007,2775467.0,3.64,0.9,92,0,74.2,148
2007,46724.0,7.45,0.1,82,2,79.6,65
2007,13676693.0,2.08,0.9,82,394,65.0,24
2007,66195615.0,6.2,0.4,96,3893,73.3,165
2007,7181.0,2.33,0.1,99,539,84.0,68
2007,26625845.0,0.43,0.1,96,394,73.7,133
2007,1542964.0,12.57,0.1,97,0,78.7,94
2007,19433523.0,0.71,0.6,84,0,61.9,261
2007,28276.0,10.56,0.1,94,11,81.3,66
2007,1963286.0,0.83,0.1,83,403,73.8,121
2007,18395389.0,5.44,7.0,82,100,53.6,395
2007,1489193.0,9.02,10.0,75,0,61.6,291
2007,3231294.0,13.4,0.1,96,0,72.0,24
2007,182286.0,3.85,0.1,46,0,72.2,149
2007,2839433.0,0.14,0.1,56,230,65.9,227
2007,29717.0,5.58,0.1,98,22,75.9,9
2007,1425453.0,3.63,0.2,94,0,74.7,14
2007,2997687.0,6.35,2.6,73,1014,48.2,375
2007,16311.0,4.14,1.2,87,0,65.1,217
2007,956953.0,14.22,0.1,91,1,69.8,226
2007,479993.0,11.75,0.1,87,0,79.7,82
2007,944742.0,6.78,5.0,97,26,59.6,295
2007,1982287.0,2.69,30.0,9,2,46.2,633
2007,4369469.0,4.2,0.1,89,0,78.9,93
2007,3339741.0,6.67,0.1,94,0,75.4,124
2007,16257.0,10.25,0.1,94,64,79.5,86
2007,482.0,8.65,0.1,94,44,74.4,12
2007,486466.0,1.72,0.1,8,373,74.4,98
2007,6416229.0,12.2,0.1,42,39,89.0,89
2007,28292724.0,4.29,0.3,93,0,74.0,133
2007,1367566.0,0.55,1.7,74,2,55.0,282
2007,1138434.0,5.55,40.7,92,0,50.0,51
2007,16491687.0,7.39,0.1,92,0,78.9,9
2007,465935.0,8.86,0.7,92,1005,67.5,277
2007,22325.0,12.12,0.1,91,0,78.0,221
2007,486438.0,5.28,0.6,96,0,72.3,126
2007,7381579.0,9.3,0.1,99,201,73.8,132
2007,8929349.0,4.19,0.1,87,530,67.5,216
2007,1179681239.0,1.59,0.3,6,41144,65.2,26
2007,293356.0,3.99,0.1,85,1,73.5,132
2007,219953.0,1.01,0.1,6,0,73.0,157
2007,834812.0,2.09,0.1,99,0,68.6,29
2007,349.0,1.78,0.1,98,20,75.4,82
2007,381256.0,10.9,0.1,98,40,75.3,144
2007,26868.0,2.15,0.3,99,863,67.8,184
2007,359487.0,9.65,8.4,73,3776,55.5,41
2007,29847.0,7.24,0.6,96,0,69.6,181
2006,13124267.0,4.57,26.8,68,212,45.4,7
2006,2594618.0,0.2,0.2,69,2838,66.0,21
2006,545211.0,3.69,0.3,88,0,73.0,17
2006,214634.0,1.0,0.1,59,0,71.0,161
2006,6876345.0,1.29,0.1,82,34,72.8,126
2006,33777915.0,0.36,0.1,8,944,73.4,132
2006,1196136.0,1.46,0.1,99,3,74.4,12
2006,27949944.0,4.22,0.4,94,0,74.2,134
2006,1453684.0,0.01,0.1,86,6192,68.2,152
2006,92658.0,6.88,6.2,99,494,57.6,328
2006,8216896.0,1.19,2.0,74,176,56.8,284
2006,44397319.0,11.86,0.1,97,362,88.0,73
2006,1952.0,1.96,0.1,98,0,73.8,145
2006,5882796.0,5.61,0.2,92,0,72.3,161
2006,2589345.0,0.03,0.1,64,1990,57.3,295
2006,964924.0,12.6,0.1,98,149,68.9,243
2006,2992547.0,5.31,0.1,98,68,74.2,99
2006,18194.0,3.52,0.1,35,0,72.0,153
2006,133144.0,6.35,0.6,89,0,69.6,188
2006,2955662.0,9.81,8.6,64,5736,54.9,41
2006,159328.0,5.46,1.2,75,0,64.7,22
2006,4678775.0,7.99,0.8,96,42724,67.7,267
2006,1884238.0,6.45,14.4,93,6,54.8,491
2006,846.0,8.12,0.1,99,10,72.2,185
2006,8268641.0,12.4,0.1,83,23,79.8,81
2006,5437.0,4.52,0.6,84,0,69.3,199
2006,3779468.0,4.82,0.1,9,17,75.7,1
2006,1547958.0,10.98,0.1,94,15,79.4,85
2006,339195.0,5.72,0.1,88,0,76.2,125
2006,1522288.0,13.11,0.1,97,0,78.5,96
2006,29747.0,6.48,0.6,98,0,69.4,184
2006,481422.0,0.99,0.1,99,0,67.6,2
2006,38141267.0,10.4,0.1,98,120,75.2,144
2006,848455.0,0.85,0.1,52,222,69.2,154
2006,11689.0,1.79,0.1,89,0,72.4,148
2006,29585.0,4.01,0.1,78,137,72.9,141
2006,65824164.0,6.18,0.5,96,3588,73.0,168
2006,672228.0,0.29,0.3,95,2,65.8,245
2006,15793993.0,0.03,0.1,78,7641,64.2,179
2006,2648825.0,1.96,0.4,98,823,67.6,185
2006,26979.0,10.31,0.1,95,0,81.2,66
2006,3955889.0,7.75,0.1,84,0,75.2,127
2006,12383446.0,2.25,15.9,81,459,58.0,526
2006,14261494.0,9.66,5.3,27,704,49.8,396
2006,11556763.0,0.34,0.7,89,3,61.3,236
2006,112514.0,5.53,43.7,93,0,47.8,564
2006,8789419.0,4.08,0.1,77,9,67.3,219
2006,647272.0,0.64,1.5,71,1,68.0,299
2006,7557.0,0.38,0.3,88,3,65.9,183
2006,2119376.0,8.51,0.1,99,3196,72.5,157
2006,48115.0,2.71,0.1,98,48,63.7,245
2006,18914977.0,0.97,0.1,83,517,73.7,123
2006,7411569.0,8.58,0.1,93,2,73.6,133
2006,333143.0,6.58,0.1,95,0,76.2,117
2006,14349528.0,11.79,0.3,98,1147,66.4,3
2006,4823384.48,8.5,28.1,83,81,54.0,496
2006,48846474.0,0.28,0.6,75,760,64.2,22
2006,472637.0,11.98,0.1,95,8,79.4,85
2006,4136.0,6.18,0.1,84,334,73.9,126
2006,656478.0,2.77,0.2,96,0,75.0,211
2006,1965662.0,2.61,34.1,91,1,45.3,654
2006,827411.0,2.06,0.1,99,136,68.5,211
2006,1192378.0,5.11,0.1,98,23,75.8,125
2006,45735.0,1.82,0.1,78,956,74.1,1
2006,2218357.0,10.4,0.1,94,7,75.0,229
2006,16319792.0,7.33,0.1,95,0,78.9,91
2006,133978.0,2.38,0.4,89,0,69.7,24
2006,325755.0,8.2,0.1,14,13,85.0,75
2006,255812.0,2.91,0.1,98,26,65.0,271
2006,9426.0,0.76,0.1,88,0,65.0,212
2006,13112.0,3.28,0.1,91,99602,74.2,98
2006,37525.0,1.76,10.3,8,1847,55.3,388
2006,14559.0,11.47,0.1,93,0,78.8,64
2006,74961.0,7.04,1.1,93,0,65.2,24
2006,153884.0,7.08,0.1,99,109,65.0,295
2006,112362.0,9.42,0.1,94,0,79.7,77
2006,326999.0,12.7,0.1,95,1,76.0,229
2006,61525.0,5.38,0.1,9,0,73.8,13
2006,13474489.0,2.03,1.1,8,188,64.1,216
2006,82376451.0,11.76,0.1,87,2307,79.6,84
2006,134681.0,16.58,0.1,95,27,73.0,188
2006,63621376.0,12.4,0.1,39,40,86.0,92
2006,26143566.0,0.42,0.1,95,564,73.6,134
2006,48795.0,4.25,0.6,95,0,72.1,129
2006,1322764.0,0.53,1.8,9,128,54.3,288
2006,13429262.0,1.18,21.1,99,1,47.1,587
2006,1888268.0,0.68,0.6,82,2,61.4,263
2006,1233996.0,3.73,0.1,97,3,71.8,165
2006,17899562.0,5.22,7.2,81,196,53.3,394
2006,4538.0,8.84,0.1,86,1,79.3,66
2006,7675338.0,4.5,3.8,92,784,54.1,361
2006,9371338.0,6.2,1.8,84,0,72.3,178
2006,22113425.0,1.7,2.9,84,420,59.4,288
2006,322653.0,0.01,1.3,68,22,69.0,221
2006,13829177.0,4.73,2.0,76,125,54.3,32
2006,76122.0,10.39,0.1,96,1,72.2,161
2006,466648.0,0.97,1.4,94,128,59.7,336
2006,3869346.0,0.58,0.1,95,1217,71.0,133
2006,276279.0,3.63,1.5,97,0,74.0,15
2006,438794.0,4.15,0.1,88,0,78.0,16
2006,22983822.0,0.06,0.1,66,20422,67.3,191
2006,18912412.0,7.1,0.1,99,57,73.0,161
2006,27697912.0,0.03,0.1,59,474,64.7,249
2006,626425.0,0.25,0.1,69,85,63.0,262
2006,7537.0,2.23,0.1,96,9,84.0,68
2006,1161977719.0,1.37,0.3,6,64185,64.8,28
2006,21547463.0,1.2,16.3,75,183,51.2,434
2006,58143979.0,8.44,0.1,96,439,81.2,65
2006,754146.0,3.23,0.8,94,0,72.8,161
2006,1396748.0,3.52,0.3,96,0,74.4,144
2006,1444844.0,8.01,10.7,52,90,61.4,288
2006,333.0,1.62,0.1,98,47,75.0,88
2006,5934232.0,0.59,0.1,98,1,72.8,121
2006,43835722.0,4.53,0.1,93,0,73.1,147
2005,13372.0,2.92,0.1,84,124219,73.9,99
2005,1478617.0,12.27,0.1,77,26,78.9,89
2005,18336724.0,0.72,0.6,81,0,69.0,265
2005,278426.0,0.18,0.1,65,908,66.8,29
2005,611627.0,0.24,0.1,68,912,60.0,266
2005,1144118674.0,1.27,0.3,8,36711,64.4,211
2005,143518523.0,11.57,0.3,97,454,65.0,327
2005,679346.0,1.29,0.1,85,6200,72.4,129
2005,18294611.0,0.92,0.1,83,375,73.5,127
2005,1742795.0,5.03,7.4,79,605,52.8,4
2005,23948.0,10.3,0.1,95,10,81.0,67
2005,5714111.0,0.55,0.1,95,28,72.4,127
2005,1514729.0,6.94,0.1,94,16118,64.6,294
2005,465158.0,11.84,0.1,95,0,78.8,9
2005,8991735.0,7.01,7.1,95,129,55.3,37
2005,6931.0,2.41,0.1,96,2,80.0,71
2005,21319685.0,7.68,0.1,98,5043,71.9,162
2005,33288437.0,0.5,0.1,83,2302,72.9,136
2005,476667.24,8.69,29.5,79,615,53.8,498
2005,2981259.0,4.25,0.1,91,2281,73.0,137
2005,38165445.0,9.5,0.1,98,13,75.0,144
2005,4754641.0,2.85,0.1,99,0,63.3,248
2005,283277.0,6.25,0.8,96,0,69.0,191
2005,4247841.0,4.1,0.1,9,1,78.6,97
2005,2937.0,0.88,0.1,61,3,69.9,165
2005,26167.0,1.78,0.3,99,737,67.3,192
2005,25659393.0,0.46,0.1,96,1407,73.4,135
2005,15333.0,13.33,0.1,94,7,77.7,11
2005,1252156.0,2.33,17.0,82,45,49.3,554
2005,22671273.0,0.06,0.1,65,15853,67.2,19
2005,9237566.0,5.71,2.0,87,0,69.7,28
2005,1354775.0,15.52,0.1,95,2,72.8,189
2005,39145488.0,7.53,0.1,88,0,74.9,127
2005,1339711.0,1.04,22.4,93,184,46.0,66
2005,6854176.0,0.37,0.3,81,0,65.5,194
2005,215429.0,1.5,3.1,84,435,58.9,296
2005,75946.0,7.35,1.8,93,0,65.0,238
2005,43653155.0,11.92,0.1,96,22,81.0,77
2005,321.0,1.47,0.1,98,1395,74.3,93
2005,43285634.0,4.38,0.1,93,0,73.1,144
2005,744769.0,9.6,0.1,65,2,73.0,135
2005,14343111.0,0.01,0.1,45,25934,67.8,155
2005,469885.0,0.9,0.1,83,0,67.4,24
2005,92325.0,0.6,0.1,5,0,64.9,213
2005,82858.0,7.82,0.1,99,0,72.2,185
2005,1296934.0,6.12,0.5,95,0,69.5,189
2005,112482.0,1.37,0.1,97,15,74.2,14
2005,839185.0,0.73,0.1,49,1238,68.4,162
2005,2744673.0,3.59,1.9,99,0,73.5,161
2005,139628.0,2.35,0.4,87,0,69.2,28
2005,8227829.0,12.4,0.1,86,9,79.4,85
2005,1141.0,1.57,0.1,89,0,72.3,15
2005,3648288.0,1.82,11.6,76,153,54.1,412
2005,2238799.0,9.92,0.1,99,2,76.0,216
2005,257798.0,0.02,0.1,66,1296,57.3,291
2005,628961.0,2.77,0.2,89,0,71.0,213
2005,15563.0,5.27,1.6,96,0,64.3,222
2005,3322528.0,12.3,0.1,95,1,78.0,222
2005,115873.0,5.08,49.1,95,0,46.0,63
2005,498946.0,4.47,0.6,83,0,68.9,25
2005,179929.0,3.63,0.1,41,0,71.6,16
2005,821817.0,2.02,0.1,99,0,68.3,214
2005,32312.0,8.0,0.1,14,6,81.0,76
2005,9663915.0,11.01,0.1,99,1,68.1,252
2005,19373.0,1.97,0.1,99,3,74.2,138
2005,1949543.0,2.67,34.8,87,0,44.5,675
2005,57969484.0,8.65,0.1,96,135,88.0,66
2005,737343.0,3.23,0.9,97,0,72.5,163
2005,3986852.0,1.94,0.1,77,618,73.9,11
2005,127658.0,11.41,0.1,88,1,78.7,65
2005,11251266.0,0.33,0.7,84,0,65.0,242
2005,1987314.0,9.95,0.1,93,122,79.3,81
2005,6542547.0,6.26,0.5,96,3526,72.5,177
2005,35217.0,0.47,0.1,96,0,77.0,137
2005,5379328.0,3.7,0.3,86,0,71.2,194
2005,186917361.0,6.97,0.1,98,6,72.7,163
2005,3325612.0,6.35,0.1,96,0,75.7,123
2005,63179356.0,12.2,0.1,35,36,81.0,93
2005,1228254.0,3.94,0.1,97,7,72.1,168
2005,2564287.0,0.2,0.2,41,5023,65.4,28
2005,7423289.0,5.54,4.3,87,0,53.4,369
2005,474567.0,4.26,0.8,93,0,71.8,134
2005,2854394.0,10.09,8.7,64,22,53.2,446
2005,471515.0,7.31,0.9,97,2392,67.0,278
2005,12798763.0,0.55,1.9,83,33,53.6,29
2005,13735233.0,3.54,0.3,92,0,74.2,151
2005,2526446.0,2.75,0.1,98,0,64.5,274
2005,31372.0,0.01,1.3,42,127,66.0,223
2005,378153.0,4.56,0.1,93,23,75.0,12
2005,311487.0,5.16,0.1,98,6,73.5,15
2005,15399667.0,0.04,0.1,7,2981,62.9,2
2005,5795494.0,6.38,0.2,92,0,72.1,163
2005,86274237.0,4.22,0.1,49,118,67.0,223
2005,656639.0,0.73,0.3,95,11,65.0,254
2005,1855852.0,6.37,20.6,92,5,51.7,566
2005,7982225.0,1.13,2.1,7,210,56.5,285
2005,419.0,4.7,0.1,79,1356,73.9,128
2005,7658972.0,10.48,0.1,96,3,72.1,16
2005,39697.0,1.07,1.6,96,19,59.4,34
2005,631479.0,0.84,1.5,63,1222,64.0,37
2005,138939478.0,9.71,5.4,18,110927,49.2,4
2005,48482614.0,0.28,0.5,62,314,63.9,224
2005,29237.0,1.23,16.2,75,12598,58.0,434
2005,82469422.0,11.67,0.1,9,778,79.2,85
2005,43834.0,6.41,0.1,85,6,79.0,67
2005,333465.0,5.53,0.1,92,0,75.8,122
2005,143126.0,7.72,10.9,28,0,65.0,37
2005,129432.0,4.14,30.3,65,420,44.6,717
2005,18472228.0,4.93,0.1,98,6,75.3,126
2005,276141.0,4.44,0.4,94,0,72.8,148
2004,3269541.0,5.69,0.2,95,0,75.8,123
2004,14137489.0,0.01,0.1,11,9743,67.3,158
2004,7463157.0,7.42,0.1,89,11,73.0,134
2004,724153.0,3.02,1.2,93,0,72.2,165
2004,53973.0,3.81,0.3,79,0,71.0,194
2004,4245.0,3.74,0.1,64,6847,72.3,134
2004,2263122.0,8.81,0.1,98,0,71.0,26
2004,11761.0,1.36,0.1,96,1,74.0,15
2004,57685327.0,8.98,0.1,96,599,89.0,66
2004,16995583.0,4.9,0.1,98,64,75.4,124
2004,1955944.0,0.35,0.7,54,31,59.7,247
2004,3858623.0,0.64,1.8,84,24,59.1,342
2004,3863267.0,2.1,0.1,75,213,73.7,13
2004,1359647.0,3.65,0.3,88,0,74.4,148
2004,38728696.0,7.63,0.1,81,0,74.7,13
2004,2586435.0,1.59,0.3,99,75,67.8,183
2004,151969.0,5.78,1.6,7,0,63.8,224
2004,6161517.0,0.58,1.5,6,1385,59.9,314
2004,24118979.0,0.02,0.1,67,466,57.0,293
2004,42724163.0,4.26,0.1,89,0,72.8,148
2004,19228.0,1.56,0.1,62,35,69.1,197
2004,458324.0,1.18,0.1,81,0,67.1,29
2004,5535595.0,0.54,0.1,95,21,72.5,125
2004,3179285.0,0.56,0.1,95,6399,72.0,142
2004,771686.0,10.96,0.1,94,0,72.2,157
2004,4717.99,6.96,29.7,76,830,53.7,497
2004,326939.0,4.54,0.1,99,7,73.0,17
2004,24143.0,0.85,0.1,63,0,69.6,169
2004,42921895.0,11.96,0.1,97,26,81.0,79
2004,751652.0,7.84,1.9,91,0,65.1,237
2004,12777511.0,4.36,33.6,68,31,44.3,723
2004,1512985.0,6.55,0.1,99,2204,64.7,287
2004,146.0,1.8,0.1,9,0,72.2,151
2004,474516.0,6.79,1.0,98,146,67.4,267
2004,1141.0,13.03,0.1,88,0,78.6,65
2004,818354.0,1.63,0.1,99,37,68.1,218
2004,9542.0,0.48,0.1,67,0,64.8,214
2004,2496832.0,1.75,0.1,98,0,64.0,284
2004,129535.0,5.82,1.0,94,0,69.4,19
2004,8171966.0,12.1,0.1,83,15,79.3,86
2004,129675.0,3.04,0.1,79,70549,73.5,11
2004,8365.0,0.62,0.1,5,827,68.4,154
2004,2728777.0,3.67,2.3,98,0,73.3,165
2004,15783.0,0.01,0.1,65,4248,63.7,183
2004,3781287.0,4.25,0.1,36,28,75.5,99
2004,3574931.0,1.43,13.2,73,20,53.0,432
2004,31995.0,7.8,0.1,14,7,80.0,77
2004,64282.0,0.96,0.3,89,3,64.2,263
2004,312.0,1.6,0.1,97,37,73.4,16
2004,82475.0,7.91,0.1,99,0,72.1,186
2004,1933728.0,1.8,34.6,6,31,44.8,666
2004,973146.0,12.05,0.1,99,2,68.2,247
2004,1786638.0,0.93,0.1,82,189,73.2,131
2004,57374.0,6.2,0.2,9,0,71.9,165
2004,184738458.0,6.85,0.1,96,0,72.0,17
2004,41268.0,6.53,0.1,85,4,78.7,69
2004,677855.0,1.35,0.1,77,8927,72.0,132
2004,182933.0,4.9,28.4,91,1,48.1,652
2004,1446754.0,11.5,0.3,96,2444,64.9,321
2004,7182451.0,5.72,4.8,83,2,52.6,378
2004,1126135777.0,1.2,0.3,6,55443,64.0,214
2004,1782997.0,0.81,0.6,71,35558,64.0,267
2004,1421137.0,12.05,0.1,64,61,78.8,91
2004,6712841.0,0.38,0.3,81,4,65.9,177
2004,597228.0,0.27,0.1,77,0,59.8,269
2004,2517419.0,0.49,0.1,94,5729,73.2,137
2004,136255.0,15.07,0.1,9,0,72.3,195
2004,2631669.0,0.32,0.1,62,9081,67.2,21
2004,3283196.0,0.45,0.1,81,3289,72.3,14
2004,84678493.0,4.45,0.1,48,3025,67.3,218
2004,21451748.0,9.82,0.1,99,117,71.7,165
2004,27273194.0,4.27,0.4,92,0,72.2,151
2004,2539449.0,0.21,0.2,27,12074,64.7,218
2004,1239196.0,0.49,2.0,73,172,52.8,296
2004,1267638.0,1.11,23.4,89,1116,45.1,615
2004,418738.0,4.09,0.1,89,0,77.7,12
2004,6274897.0,13.18,0.1,35,4448,82.0,94
2004,1483861.0,13.45,0.1,94,5,78.0,99
2004,912998.0,5.16,2.1,82,0,69.3,214
2004,45895.0,12.42,0.1,94,0,78.7,92
2004,3612.0,3.81,0.1,91,1783,73.0,132
2004,652231.0,6.17,0.5,96,4165,71.6,189
2004,7754.0,1.15,2.1,75,262,56.1,285
2004,689.0,2.23,0.1,99,116,81.0,69
2004,27689.0,6.2,0.8,97,0,68.7,197
2004,231275.0,1.54,15.9,76,9396,54.0,429
2004,1955141.0,9.56,0.1,92,1,79.2,81
2004,19553.0,5.78,50.3,93,0,45.6,69
2004,467664.0,4.19,0.8,91,0,71.4,14
2004,38182222.0,9.19,0.1,98,11,74.9,143
2004,487377.0,0.44,0.5,39,1329,63.5,228
2004,178781.0,3.62,0.1,54,0,71.4,162
2004,12213.0,4.16,0.1,98,28,71.9,168
2004,27568436.0,9.89,8.9,62,141,51.3,485
2004,8818438.0,6.75,7.7,89,386,53.4,397
2004,21274.0,9.84,0.1,95,70,86.0,69
2004,223614649.0,0.06,0.1,64,29171,65.3,213
2004,337775.0,12.1,0.1,94,1,71.6,24
2004,473398.0,2.86,0.1,96,1,63.5,238
2004,332496.0,5.66,0.1,94,0,75.4,122
2004,2986536.0,1.46,3.2,8,60,58.3,34
2004,6775.0,2.9,0.3,9,0,70.0,215
2004,8251626.0,11.83,0.1,88,121,79.1,86
2003,42187645.0,12.09,0.1,81,256,79.4,83
2003,12633897.0,4.06,36.7,7,998,44.5,715
2003,64554952.0,6.14,0.6,96,4519,71.7,189
2003,22545214.0,0.05,0.1,64,24457,66.9,189
2003,31786.0,3.03,0.1,93,4,72.7,134
2003,47624894.0,0.4,0.5,8,830,63.2,231
2003,3325637.0,5.11,0.1,91,0,75.4,121
2003,6576877.0,0.36,0.3,58,2144,65.2,182
2003,29843937.0,0.58,0.1,9,10841,69.9,146
2003,2712511.0,3.48,2.3,36,0,73.1,166
2003,66897.0,2.32,0.1,98,124,79.7,71
2003,524879.0,3.77,0.3,86,0,76.0,198
2003,8121423.0,12.2,0.1,83,90,78.8,88
2003,5731323.0,9.3,0.1,95,10982,79.9,72
2003,99789.0,1.79,0.1,85,0,72.0,153
2003,733821.0,3.04,1.4,91,0,71.9,166
2003,3839379.0,7.62,0.1,73,0,74.1,137
2003,187392.0,5.65,50.6,9,350,45.9,6
2003,19716598.0,1.68,15.3,76,28898,51.0,424
2003,1328961.0,3.69,0.3,82,0,74.4,151
2003,2364851.0,0.01,0.1,65,798,56.7,295
2003,198954.0,9.97,0.1,95,91,83.0,71
2003,816628.0,1.76,0.1,99,305,68.0,22
2003,2495623.0,0.2,0.1,2,13344,64.3,22
2003,182482149.0,6.95,0.1,97,2,71.8,172
2003,42152151.0,4.25,0.1,92,0,72.4,15
2003,1983.0,1.69,0.1,32,65,73.9,146
2003,17415266.0,1.29,0.1,81,801,73.0,134
2003,2556765.0,1.54,0.3,99,85,67.2,183
2003,4125971.0,4.04,0.1,86,1,78.0,1
2003,184339.0,5.51,31.9,9,59,46.4,693
2003,583211.0,0.26,0.1,28,0,59.6,271
2003,34.0,1.75,0.1,98,75,72.7,112
2003,82781.0,7.41,0.1,99,0,72.1,185
2003,5396774.0,0.54,0.1,97,76,72.3,127
2003,3415213.0,11.29,0.1,95,1,71.6,22
2003,398582.0,6.7,0.1,89,4,78.5,71
2003,5971535.0,3.1,0.3,94,0,69.9,29
2003,56795.0,6.64,0.1,86,0,71.7,166
2003,45163.0,12.61,0.1,95,1,78.6,92
2003,868346.0,6.66,8.1,96,1064,52.0,48
2003,2446782.0,1.53,3.4,8,1939,57.9,38
2003,752555.0,1.35,2.1,73,217,55.8,285
2003,121337.0,4.08,0.1,97,777,71.5,174
2003,177662.0,4.17,0.1,83,0,79.0,169
2003,3738265.0,0.56,1.9,91,376,58.8,343
2003,2662482.0,10.16,9.4,44,29429,51.0,53
2003,9796749.0,11.17,0.1,56,21,67.7,253
2003,31676.0,7.7,0.1,14,15,79.7,78
2003,191897.0,1.99,33.8,17,1,45.5,648
2003,144648257.0,11.32,0.4,94,3291,64.6,322
2003,125128.0,0.54,2.2,79,232,52.0,299
2003,17279141.0,0.93,0.7,61,62233,59.9,268
2003,1376133.0,11.28,0.1,64,44,78.3,95
2003,668583.0,1.42,0.1,68,5844,71.6,135
2003,21574326.0,8.78,0.1,98,9,71.1,174
2003,26937738.0,4.5,0.4,65,0,72.1,152
2003,12336687.0,1.08,24.2,84,167,44.6,613
2003,896776.0,6.32,2.3,79,0,73.0,22
2003,1458821.0,14.21,0.1,94,8,77.3,15
2003,2468873.0,0.48,0.1,95,632,73.1,138
2003,8331954.0,4.44,0.1,52,10511,67.2,217
2003,82534176.0,11.92,0.1,9,779,78.5,9
2003,46147.0,4.16,0.9,66,0,71.1,144
2003,4655741.0,2.88,0.1,97,1,63.4,231
2003,382457.0,9.06,0.1,97,48,74.7,142
2003,26913.0,5.67,1.5,96,0,68.4,21
2003,148372.0,6.54,1.6,43,0,63.4,225
2003,61724.0,0.59,1.4,67,3863,59.6,321
2003,1477341.0,0.01,0.1,63,4740,63.5,185
2003,993563.0,10.62,0.1,88,0,78.5,66
2003,623434.0,0.52,0.2,95,0,63.3,273
2003,3413852.0,1.49,14.5,73,65,52.4,437
2003,62244884.0,13.49,0.1,28,0,79.3,99
2003,128452.0,5.53,0.5,76,0,69.3,191
2003,82341.0,0.55,0.1,51,1978,67.8,154
2003,12884.0,2.96,0.1,75,71879,73.1,13
2003,2469286.0,1.31,0.1,98,18,64.0,271
2003,19287.0,9.46,0.1,92,0,79.1,81
2003,446769.0,1.18,0.1,79,0,66.8,215
2003,4781295.0,5.92,0.9,77,411,67.6,256
2003,198964.0,1.2,0.1,64,165,69.4,173
2003,751857.0,7.93,2.1,9,0,65.3,237
2003,46418193.9,6.93,28.9,71,244,54.0,485
2003,7775327.0,11.19,0.1,96,0,72.0,155
2003,88895.0,0.5,0.1,73,0,64.7,215
2003,149918.0,6.58,0.1,99,24,64.4,282
2003,9939678.0,1.34,0.1,92,22,73.7,17
2003,371464.0,2.19,0.1,74,526,73.5,15
2003,431.0,3.36,0.1,48,216,72.7,132
2003,329174.0,5.52,0.1,98,0,75.5,126
2003,2287955.0,8.24,0.1,98,0,78.0,29
2003,339616.0,4.29,0.1,97,8,72.8,18
2003,139191.0,0.01,0.1,5,4067,66.8,161
2003,1564453.0,4.88,0.1,98,44,75.0,127
2002,19222.0,8.09,0.1,91,5,79.0,81
2002,2527185.0,1.47,0.2,62,25,67.1,186
2002,6473164.0,5.93,0.7,95,10315,71.4,192
2002,3511.0,3.73,0.1,96,16,73.3,15
2002,9864326.0,1.17,0.1,93,98,73.5,19
2002,82488495.0,12.25,0.1,87,4657,78.4,91
2002,6185267.0,13.78,0.1,29,5185,79.2,11
2002,4612.0,2.33,0.1,96,11,63.3,229
2002,6863157.0,3.09,1.5,94,0,71.6,169
2002,8832285.0,6.43,2.4,63,0,71.4,189
2002,2571848.0,10.42,10.0,29,49871,48.8,523
2002,48225.0,4.89,0.9,48,7587,67.6,256
2002,99184.0,1.51,0.1,88,0,71.9,155
2002,4357.0,2.72,0.1,51,199,71.7,142
2002,751884.0,7.73,2.3,91,0,65.3,244
2002,46324.0,4.17,0.1,94,0,78.3,99
2002,13726.0,3.88,0.3,75,0,73.6,157
2002,6514354.0,1.47,0.1,72,7823,71.2,138
2002,19924522.0,1.6,3.5,8,12289,57.6,31
2002,1277837.0,5.12,2.0,5,0,69.2,192
2002,976966.0,11.68,0.1,88,0,78.4,68
2002,3788937.0,7.81,0.1,66,0,74.1,138
2002,83723.0,11.15,0.1,99,0,72.1,186
2002,333897.0,2.86,0.1,91,40,72.6,134
2002,435262.0,1.08,0.1,75,0,66.5,22
2002,45216.0,3.82,0.8,4,0,77.0,148
2002,24198811.0,0.49,0.1,95,408,72.9,14
2002,1419631.0,12.0,0.1,82,8,77.2,17
2002,1213711.0,1.1,24.7,64,92,44.0,67
2002,16765117.0,0.9,0.7,51,10795,59.3,271
2002,2173496.0,9.62,0.1,99,14,77.0,178
2002,1332785.0,11.29,0.1,6,0,78.0,99
2002,1453646.0,10.87,0.3,81,580,64.8,313
2002,446175.0,12.91,0.1,95,0,78.3,95
2002,853625.0,7.82,8.0,88,2738,57.0,415
2002,176582.0,3.3,0.1,86,0,76.0,174
2002,9865548.0,12.23,0.1,99,14,67.2,262
2002,3522837.0,1.98,0.1,77,36,73.2,17
2002,231173.0,7.44,0.1,98,0,73.0,219
2002,87343.0,0.49,0.1,79,0,64.6,217
2002,332149.0,1.66,15.7,84,766,52.1,437
2002,817195.0,0.55,0.1,5,4353,67.8,146
2002,59433.0,2.97,0.4,81,0,73.0,24
2002,3823364.0,8.02,0.1,98,34,74.5,145
2002,26226.0,4.99,0.1,97,0,68.5,199
2002,2443659.0,2.43,0.1,98,1205,63.8,263
2002,1779953.0,6.41,34.6,88,7,46.0,699
2002,19139658.0,2.16,14.5,76,7155,49.8,416
2002,1815121.0,7.0,0.1,92,1,71.4,176
2002,5171734.0,3.5,0.4,85,0,75.0,197
2002,125525.0,4.43,39.8,73,304,44.8,73
2002,29512368.0,0.46,0.1,92,6000,69.5,15
2002,66399.0,0.29,0.1,83,27,62.5,282
2002,7837161.0,10.2,0.1,88,0,71.8,157
2002,813526.0,4.42,0.1,42,7003,66.8,221
2002,3149265.0,5.52,0.2,98,0,75.7,125
2002,1435568.0,4.77,0.1,97,0,75.0,127
2002,124621.0,4.14,0.1,88,0,71.5,179
2002,5862316.0,0.61,1.4,6,17620,59.3,327
2002,7295394.0,1.23,2.1,15,1588,55.6,283
2002,3614639.0,0.83,1.9,86,460,58.5,343
2002,297.0,1.95,0.1,98,926,71.8,124
2002,1284.0,2.91,0.1,7,58341,72.7,16
2002,344367.0,11.0,0.1,94,103,71.4,22
2002,3327773.0,5.86,0.1,95,0,75.4,124
2002,21979923.0,0.01,0.1,64,2486,56.2,3
2002,57597.0,9.25,0.1,95,9385,80.0,72
2002,196514.0,9.84,0.1,95,32,79.9,73
2002,41572491.0,4.45,0.1,78,139,71.8,163
2002,881957.0,12.5,0.1,81,0,78.7,9
2002,657.0,2.47,0.1,98,2,79.3,74
2002,41431558.0,12.26,0.1,82,67,79.5,83
2002,5287488.0,0.54,0.1,95,19,72.1,129
2002,1893.0,5.52,49.9,88,37,46.4,587
2002,178791.0,1.25,0.1,8,538,72.8,135
2002,45855482.88,7.04,26.6,72,1043,54.9,459
2002,815691.0,1.85,0.1,99,304,67.9,22
2002,14858948.0,5.99,0.1,95,18,64.7,276
2002,2175859.0,0.05,0.1,63,14492,66.7,189
2002,193956.0,1.24,0.1,66,101,69.3,176
2002,6447688.0,0.6,0.3,39,927,64.3,193
2001,43864.0,2.76,0.1,61,35,73.0,121
2001,5716152.0,0.68,1.3,59,4023,59.1,331
2001,6439.0,2.53,0.1,96,19,79.3,74
2001,669361.0,2.74,1.6,95,0,71.3,171
2001,18588758.0,2.09,13.4,25,7085,49.5,48
2001,29181832.0,0.46,0.1,84,2724,69.0,155
2001,292.0,1.98,0.1,98,0,78.0,129
2001,814218.0,1.93,0.1,98,17,67.8,221
2001,8697126.0,6.13,2.5,66,113,71.2,188
2001,63543322.0,5.92,0.8,95,7319,71.2,194
2001,79665315.0,4.54,0.1,45,7360,66.8,221
2001,595962.0,2.88,0.4,75,2,68.9,219
2001,61357431.0,13.89,0.1,28,0,79.0,13
2001,3996798.0,4.29,0.1,8,0,77.5,1
2001,2966463.0,0.01,0.1,63,8762,55.3,316
2001,36173.0,4.25,0.1,96,18,73.6,14
2001,1196287.0,4.38,0.1,92,0,71.5,177
2001,1777567.0,7.13,0.1,91,1,71.0,179
2001,389684.0,5.43,0.1,98,0,75.5,124
2001,172927.0,6.72,48.8,86,49,47.1,568
2001,254984.0,4.9,0.4,96,0,68.2,21
2001,89142.0,10.72,0.1,93,8,71.6,16
2001,5175.0,3.51,0.4,87,0,73.0,193
2001,12366165.0,1.72,42.1,76,529,45.3,686
2001,16766899.0,1.29,0.1,8,290,72.7,135
2001,2419776.0,2.87,0.1,95,10677,63.2,266
2001,2145652.0,0.06,0.1,62,3825,66.5,188
2001,5896.0,0.14,0.1,89,756,61.7,29
2001,48683865.0,4.31,0.8,7,16970,67.7,253
2001,136768.0,4.86,0.1,97,3,75.0,126
2001,14858335.0,5.75,0.1,95,94,64.4,284
2001,19413.0,9.53,0.1,94,141,79.9,75
2001,35655.0,2.86,0.1,69,69,72.6,141
2001,3824876.0,7.74,0.1,95,133,74.2,149
2001,9928549.0,10.74,0.1,93,45,67.7,254
2001,12852755.0,4.13,0.3,69,2,73.4,158
2001,978571.0,1.19,0.1,94,231,73.2,11
2001,3359859.0,2.19,0.1,8,8,73.0,11
2001,5193482.0,0.55,0.1,97,61,71.9,131
2001,233717.0,6.68,0.1,96,1,69.9,228
2001,127185.0,2.84,0.1,65,88962,72.2,11
2001,85858.0,0.6,0.1,85,0,64.3,219
2001,1754935.0,5.48,37.2,87,1,46.7,679
2001,1862132.0,8.62,0.1,9,12,78.7,83
2001,332713.0,6.48,0.1,94,0,75.2,123
2001,8122.0,6.72,0.1,96,0,72.0,187
2001,96282.0,10.16,0.1,89,0,78.2,69
2001,423853.0,0.7,0.1,83,0,66.2,227
2001,45312937.0,7.38,24.0,72,1166,56.0,429
2001,175566.0,3.43,0.1,89,0,75.0,175
2001,347818.0,10.2,0.1,95,7,71.2,21
2001,485412.0,9.86,0.1,83,0,79.4,84
2001,18929.0,0.91,0.1,68,7,69.1,179
2001,2369897.0,0.53,0.1,95,2198,72.7,144
2001,82349925.0,12.46,0.1,86,6024,78.3,92
2001,569741.0,9.69,0.1,95,0,79.8,75
2001,98611.0,1.35,0.1,91,4,71.8,157
2001,752263.0,6.71,1.7,85,0,65.4,247
2001,1362722.0,12.22,0.1,7,0,76.9,11
2001,2213197.0,9.78,0.1,98,10,78.0,179
2001,64191474.0,1.49,0.1,77,30509,78.0,14
2001,128657.0,11.01,0.1,6,83,78.0,1
2001,842293.0,12.4,0.1,44,0,78.6,92
2001,14597683.0,10.47,0.3,43,2072,65.1,38
2001,441525.0,12.89,0.1,86,0,78.0,96
2001,498899.0,4.43,0.1,8,3,71.5,165
2000,5867626.0,2.79,0.4,99,0,69.0,218
2000,12628596.0,3.99,0.3,36,0,72.8,163
2000,811223.0,2.05,0.1,98,0,67.7,221
2000,3321245.0,6.65,0.1,92,0,75.1,131
2000,293756.0,0.01,0.1,62,6532,54.8,321
2000,18563.0,1.21,0.1,7,9,69.0,18
2000,172834.0,5.37,38.8,86,2672,47.8,647
2000,6912498.0,13.63,0.1,26,10000,78.8,13
2000,38258629.0,8.4,0.1,99,77,73.7,153
2000,8446.0,0.46,0.1,9,0,64.1,222
2000,236755.0,7.13,0.1,95,0,71.0,218
2000,3235366.0,2.26,0.1,83,5,72.7,112
2000,17461.0,3.0,0.1,89,0,72.0,18
2000,997961.0,12.98,0.1,7,21,68.0,247
2000,3499536.0,9.87,0.1,98,19,71.6,2
2000,4363.0,13.14,0.1,77,0,77.8,98
2000,22442971.0,10.16,0.1,98,35,77.0,175
2000,125125.0,11.21,0.1,6,0,77.6,11
2000,1289898.0,11.89,0.1,58,45,76.6,11
2000,2318568.0,0.54,0.1,97,6187,72.4,149
2000,77991569.0,4.73,0.1,7,7120,66.8,219
2000,49175848.0,4.49,0.7,4,817,67.5,257
2000,286.0,1.83,0.1,96,20,69.6,139
2000,247315.0,4.79,0.3,76,0,68.3,196
2000,5572222.0,0.73,1.1,57,7135,58.9,335
2000,1186873.0,4.6,0.1,88,0,71.0,177
2000,11719673.0,4.99,0.1,97,30,74.8,129
2000,817172.0,9.69,0.1,94,46,71.1,163
2000,573416.0,0.17,0.1,98,418,62.0,312
2000,2397436.0,2.79,0.1,93,925,62.8,274
2000,28849621.0,0.45,0.1,43,7368,68.6,16
2000,175287587.0,7.26,0.1,94,36,75.0,183
2000,526796.0,3.61,0.4,83,0,73.0,192
2000,81131.0,8.24,0.1,98,0,71.8,188
2000,14883626.0,6.0,0.1,99,245,63.9,292
2000,41269.0,0.71,0.1,81,0,65.8,235
2000,1262645.0,3.06,0.1,6,71093,71.7,115
2000,38927.0,3.66,0.1,96,662,72.6,11
2000,44183.0,3.28,0.1,55,50,71.8,129
2000,8562622.0,6.58,2.5,68,253,72.0,176
2000,8221158.0,12.91,0.1,84,0,78.0,95
2000,6324121.0,1.54,0.1,71,16244,74.0,143
2000,9699197.0,1.21,0.1,94,47,72.9,112
2000,18588.0,8.48,0.1,89,56,78.2,84
2000,943286.0,9.56,0.1,89,0,78.1,7
2000,9882.0,1.24,0.1,93,0,71.6,158
2000,6524283.0,2.61,1.7,93,0,71.0,174
2000,3925443.0,4.34,0.1,89,0,77.6,98
2000,6295821.0,5.88,0.8,95,4074,71.1,194
2000,369588.0,2.9,0.1,55,15,72.0,142
2000,21154429.0,0.06,0.1,65,3344,66.3,188
2000,1641848.0,1.41,0.1,79,146,72.6,136
2000,161468.0,7.19,46.4,83,10,48.4,536
2000,6289.0,2.53,0.1,98,36,78.9,76
2000,443958.0,4.66,0.1,78,1,71.4,167
2000,5694218.0,9.78,0.1,94,1457,79.4,77
2000,4567864.0,11.12,0.1,77,152,79.1,86
2000,811566.0,13.2,0.1,33,0,78.1,96
2000,44896856.0,7.3,21.3,73,1459,57.3,397
2000,51313.0,0.49,0.1,93,32,71.7,133
2000,12222251.0,1.68,43.5,79,1483,46.0,665
